,id,label,pred
0,/home/ts1349/datasets/blemore/face_aligned/A200_ang_int1_ver1,[0. 1. 0. 0. 0. 0.],[0.00775377 0.15863463 0.23532686 0.22337551 0.19888599 0.17602324]
1,/home/ts1349/datasets/blemore/face_aligned/A200_ang_int2_ver1,[0. 1. 0. 0. 0. 0.],[0.00761773 0.16023095 0.23176739 0.22003606 0.20097862 0.17936924]
2,/home/ts1349/datasets/blemore/face_aligned/A200_ang_int3_ver1,[0. 1. 0. 0. 0. 0.],[0.00770666 0.19378814 0.28505617 0.17921306 0.19097634 0.14325967]
3,/home/ts1349/datasets/blemore/face_aligned/A200_ang_int4_ver1,[0. 1. 0. 0. 0. 0.],[0.00816437 0.19035122 0.29388547 0.17486446 0.19053757 0.14219692]
4,/home/ts1349/datasets/blemore/face_aligned/A200_disg_int1_ver1,[0. 0. 1. 0. 0. 0.],[0.00790422 0.15790005 0.2224437  0.22195923 0.19749391 0.19229889]
5,/home/ts1349/datasets/blemore/face_aligned/A200_disg_int2_ver1,[0. 0. 1. 0. 0. 0.],[0.00715536 0.1496987  0.2293454  0.21576886 0.19181195 0.20621976]
6,/home/ts1349/datasets/blemore/face_aligned/A200_disg_int3_ver1,[0. 0. 1. 0. 0. 0.],[0.00636918 0.16115406 0.21596324 0.2037571  0.20795728 0.20479912]
7,/home/ts1349/datasets/blemore/face_aligned/A200_disg_int4_ver1,[0. 0. 1. 0. 0. 0.],[0.00700668 0.18918097 0.24025536 0.18603536 0.1973809  0.1801407 ]
8,/home/ts1349/datasets/blemore/face_aligned/A200_fea_int1_ver1,[0. 0. 0. 1. 0. 0.],[0.00756214 0.16453868 0.22548638 0.22039437 0.19219485 0.18982357]
9,/home/ts1349/datasets/blemore/face_aligned/A200_fea_int2_ver1,[0. 0. 0. 1. 0. 0.],[0.0072514  0.16830349 0.2253762  0.22186461 0.19327772 0.18392658]
10,/home/ts1349/datasets/blemore/face_aligned/A200_fea_int3_ver1,[0. 0. 0. 1. 0. 0.],[0.0068471  0.17362307 0.22027928 0.19948678 0.20788042 0.19188336]
11,/home/ts1349/datasets/blemore/face_aligned/A200_fea_int4_ver1,[0. 0. 0. 1. 0. 0.],[0.00709619 0.18020241 0.20719832 0.21059398 0.20935299 0.18555607]
12,/home/ts1349/datasets/blemore/face_aligned/A200_hap_int1_ver1,[0. 0. 0. 0. 1. 0.],[0.00633226 0.16016297 0.18532048 0.21717721 0.2237798  0.2072273 ]
13,/home/ts1349/datasets/blemore/face_aligned/A200_hap_int2_ver1,[0. 0. 0. 0. 1. 0.],[0.00604486 0.175105   0.177018   0.22365531 0.22399932 0.19417751]
14,/home/ts1349/datasets/blemore/face_aligned/A200_hap_int3_ver1,[0. 0. 0. 0. 1. 0.],[0.00735668 0.18401286 0.18798271 0.21566403 0.22357532 0.18140838]
15,/home/ts1349/datasets/blemore/face_aligned/A200_hap_int4_ver1,[0. 0. 0. 0. 1. 0.],[0.00836673 0.19834885 0.19493708 0.21470666 0.23182291 0.15181775]
16,/home/ts1349/datasets/blemore/face_aligned/A200_neu_sit1_ver1,[1. 0. 0. 0. 0. 0.],[0.00784299 0.15584311 0.19861013 0.23840603 0.2006602  0.19863756]
17,/home/ts1349/datasets/blemore/face_aligned/A200_neu_sit2_ver1,[1. 0. 0. 0. 0. 0.],[0.00758459 0.16362238 0.19729953 0.23388998 0.20979826 0.18780524]
18,/home/ts1349/datasets/blemore/face_aligned/A200_neu_sit3_ver1,[1. 0. 0. 0. 0. 0.],[0.00754113 0.15573709 0.19689402 0.23855765 0.21136898 0.18990108]
19,/home/ts1349/datasets/blemore/face_aligned/A200_neu_sit4_ver1,[1. 0. 0. 0. 0. 0.],[0.00705666 0.16172005 0.2079002  0.2171835  0.21100442 0.19513518]
20,/home/ts1349/datasets/blemore/face_aligned/A200_sad_int1_ver1,[0. 0. 0. 0. 0. 1.],[0.00727962 0.15860349 0.20681807 0.23891567 0.20075697 0.18762617]
21,/home/ts1349/datasets/blemore/face_aligned/A200_sad_int2_ver1,[0. 0. 0. 0. 0. 1.],[0.00759095 0.15927549 0.21689616 0.22814791 0.20527048 0.18281898]
22,/home/ts1349/datasets/blemore/face_aligned/A200_sad_int3_ver1,[0. 0. 0. 0. 0. 1.],[0.00666446 0.16439599 0.19410387 0.23495543 0.2085334  0.19134691]
23,/home/ts1349/datasets/blemore/face_aligned/A200_sad_int4_ver1,[0. 0. 0. 0. 0. 1.],[0.00671988 0.1558267  0.18548226 0.22803904 0.2156104  0.20832172]
24,/home/ts1349/datasets/blemore/face_aligned/A26_disg_int1_ver1,[0. 0. 1. 0. 0. 0.],[0.00692471 0.16456747 0.22564515 0.2183912  0.18812394 0.19634753]
25,/home/ts1349/datasets/blemore/face_aligned/A26_disg_int2_ver1,[0. 0. 1. 0. 0. 0.],[0.00700373 0.16394767 0.22632073 0.21762434 0.19692725 0.1881763 ]
26,/home/ts1349/datasets/blemore/face_aligned/A26_disg_int3_ver1,[0. 0. 1. 0. 0. 0.],[0.0066234  0.17167982 0.21335176 0.22081317 0.20323604 0.18429585]
27,/home/ts1349/datasets/blemore/face_aligned/A26_disg_int4_ver1,[0. 0. 1. 0. 0. 0.],[0.00611243 0.17613474 0.20740703 0.21217552 0.20554292 0.19262728]
28,/home/ts1349/datasets/blemore/face_aligned/A26_neu_sit1_ver1,[1. 0. 0. 0. 0. 0.],[0.00655789 0.16462207 0.21427564 0.22671683 0.19278184 0.19504572]
29,/home/ts1349/datasets/blemore/face_aligned/A26_neu_sit2_ver1,[1. 0. 0. 0. 0. 0.],[0.00734761 0.16194916 0.21709785 0.22683254 0.18858868 0.19818416]
30,/home/ts1349/datasets/blemore/face_aligned/A26_neu_sit3_ver1,[1. 0. 0. 0. 0. 0.],[0.00674268 0.162505   0.2135857  0.238505   0.17754039 0.20112123]
31,/home/ts1349/datasets/blemore/face_aligned/A26_neu_sit4_ver1,[1. 0. 0. 0. 0. 0.],[0.00636345 0.17450334 0.19994363 0.22681974 0.19007175 0.20229807]
32,/home/ts1349/datasets/blemore/face_aligned/A303_ang_int1_ver1,[0. 1. 0. 0. 0. 0.],[0.00701589 0.14814079 0.20475876 0.20928222 0.25271994 0.1780824 ]
33,/home/ts1349/datasets/blemore/face_aligned/A303_ang_int2_ver1,[0. 1. 0. 0. 0. 0.],[0.00772703 0.13745067 0.24010924 0.20460553 0.23419568 0.17591187]
34,/home/ts1349/datasets/blemore/face_aligned/A303_ang_int3_ver1,[0. 1. 0. 0. 0. 0.],[0.00821334 0.1439969  0.22190236 0.20666717 0.2351123  0.18410793]
35,/home/ts1349/datasets/blemore/face_aligned/A303_ang_int4_ver1,[0. 1. 0. 0. 0. 0.],[0.00716979 0.17903104 0.21554676 0.1943004  0.22933151 0.17462051]
36,/home/ts1349/datasets/blemore/face_aligned/A303_disg_int1_ver1,[0. 0. 1. 0. 0. 0.],[0.00794439 0.1559088  0.22207852 0.19541037 0.24832182 0.17033614]
37,/home/ts1349/datasets/blemore/face_aligned/A303_disg_int2_ver1,[0. 0. 1. 0. 0. 0.],[0.00841041 0.14132766 0.22910076 0.21216977 0.2535783  0.15541308]
38,/home/ts1349/datasets/blemore/face_aligned/A303_disg_int3_ver1,[0. 0. 1. 0. 0. 0.],[0.00743692 0.1424271  0.2607579  0.20357677 0.23343287 0.15236844]
39,/home/ts1349/datasets/blemore/face_aligned/A303_disg_int4_ver1,[0. 0. 1. 0. 0. 0.],[0.00720049 0.15000948 0.26204517 0.18867661 0.23095413 0.16111413]
40,/home/ts1349/datasets/blemore/face_aligned/A303_fea_int1_ver1,[0. 0. 0. 1. 0. 0.],[0.00657382 0.14713743 0.21758765 0.20772569 0.2414661  0.17950931]
41,/home/ts1349/datasets/blemore/face_aligned/A303_fea_int2_ver1,[0. 0. 0. 1. 0. 0.],[0.00682201 0.14493242 0.2242947  0.22318566 0.2180532  0.18271196]
42,/home/ts1349/datasets/blemore/face_aligned/A303_fea_int3_ver1,[0. 0. 0. 1. 0. 0.],[0.00697727 0.13823643 0.23721877 0.23260023 0.23938736 0.14558   ]
43,/home/ts1349/datasets/blemore/face_aligned/A303_fea_int4_ver1,[0. 0. 0. 1. 0. 0.],[0.00686809 0.12656718 0.2204004  0.2379537  0.2521174  0.15609328]
44,/home/ts1349/datasets/blemore/face_aligned/A303_hap_int1_ver1,[0. 0. 0. 0. 1. 0.],[0.00678689 0.17614874 0.18258537 0.1797326  0.27929437 0.17545201]
45,/home/ts1349/datasets/blemore/face_aligned/A303_hap_int2_ver1,[0. 0. 0. 0. 1. 0.],[0.00683079 0.15914278 0.19927207 0.21511164 0.23463409 0.18500865]
46,/home/ts1349/datasets/blemore/face_aligned/A303_hap_int3_ver1,[0. 0. 0. 0. 1. 0.],[0.00723292 0.19608785 0.18579954 0.1921427  0.25540355 0.16333345]
47,/home/ts1349/datasets/blemore/face_aligned/A303_hap_int4_ver1,[0. 0. 0. 0. 1. 0.],[0.00766544 0.20037809 0.19394068 0.1891939  0.25180662 0.1570153 ]
48,/home/ts1349/datasets/blemore/face_aligned/A303_neu_sit1_ver1,[1. 0. 0. 0. 0. 0.],[0.00639693 0.14310633 0.20087783 0.24904251 0.22346762 0.17710882]
49,/home/ts1349/datasets/blemore/face_aligned/A303_neu_sit2_ver1,[1. 0. 0. 0. 0. 0.],[0.00733846 0.13310102 0.21181042 0.23438805 0.21990995 0.19345209]
50,/home/ts1349/datasets/blemore/face_aligned/A303_neu_sit3_ver1,[1. 0. 0. 0. 0. 0.],[0.00706188 0.1509951  0.20067953 0.23354891 0.22259964 0.1851149 ]
51,/home/ts1349/datasets/blemore/face_aligned/A303_neu_sit4_ver1,[1. 0. 0. 0. 0. 0.],[0.00708311 0.15242636 0.19042343 0.23267266 0.23351122 0.18388322]
52,/home/ts1349/datasets/blemore/face_aligned/A303_sad_int1_ver1,[0. 0. 0. 0. 0. 1.],[0.00808031 0.14379974 0.21477155 0.2162188  0.22943458 0.18769501]
53,/home/ts1349/datasets/blemore/face_aligned/A303_sad_int2_ver1,[0. 0. 0. 0. 0. 1.],[0.00855497 0.1397779  0.22510773 0.21411724 0.23423022 0.17821196]
54,/home/ts1349/datasets/blemore/face_aligned/A303_sad_int3_ver1,[0. 0. 0. 0. 0. 1.],[0.00881143 0.13750298 0.22666264 0.20800826 0.25386703 0.16514763]
55,/home/ts1349/datasets/blemore/face_aligned/A303_sad_int4_ver1,[0. 0. 0. 0. 0. 1.],[0.0061317  0.16095854 0.24860702 0.22240034 0.21753436 0.14436804]
56,/home/ts1349/datasets/blemore/face_aligned/A334_ang_int1_ver1,[0. 1. 0. 0. 0. 0.],[0.00802473 0.16062263 0.23211199 0.19616094 0.25664678 0.14643288]
57,/home/ts1349/datasets/blemore/face_aligned/A334_ang_int2_ver1,[0. 1. 0. 0. 0. 0.],[0.00698961 0.16466884 0.2371618  0.18422456 0.27308613 0.13386902]
58,/home/ts1349/datasets/blemore/face_aligned/A334_ang_int3_ver1,[0. 1. 0. 0. 0. 0.],[0.008268   0.18853459 0.2525451  0.16697788 0.26099995 0.12267448]
59,/home/ts1349/datasets/blemore/face_aligned/A334_ang_int4_ver1,[0. 1. 0. 0. 0. 0.],[0.00762471 0.18922493 0.24894707 0.17245775 0.26474848 0.11699703]
60,/home/ts1349/datasets/blemore/face_aligned/A334_disg_int1_ver1,[0. 0. 1. 0. 0. 0.],[0.00702893 0.16334842 0.22415149 0.19739062 0.25380513 0.15427543]
61,/home/ts1349/datasets/blemore/face_aligned/A334_disg_int2_ver1,[0. 0. 1. 0. 0. 0.],[0.00792782 0.16349638 0.24698366 0.17738356 0.26883775 0.13537082]
62,/home/ts1349/datasets/blemore/face_aligned/A334_disg_int3_ver1,[0. 0. 1. 0. 0. 0.],[0.00609757 0.15898101 0.25875485 0.17826107 0.25376782 0.14413771]
63,/home/ts1349/datasets/blemore/face_aligned/A334_disg_int4_ver1,[0. 0. 1. 0. 0. 0.],[0.00629462 0.17716876 0.2485781  0.186472   0.2687751  0.11271141]
64,/home/ts1349/datasets/blemore/face_aligned/A334_fea_int1_ver1,[0. 0. 0. 1. 0. 0.],[0.00841901 0.16464712 0.23210806 0.19638945 0.23788407 0.16055226]
65,/home/ts1349/datasets/blemore/face_aligned/A334_fea_int2_ver1,[0. 0. 0. 1. 0. 0.],[0.00811125 0.16538534 0.23131236 0.19021186 0.25058544 0.15439376]
66,/home/ts1349/datasets/blemore/face_aligned/A334_fea_int3_ver1,[0. 0. 0. 1. 0. 0.],[0.00813472 0.17099607 0.23139691 0.18843372 0.26466355 0.13637505]
67,/home/ts1349/datasets/blemore/face_aligned/A334_fea_int4_ver1,[0. 0. 0. 1. 0. 0.],[0.00761442 0.19109043 0.23815785 0.17070661 0.25646278 0.13596793]
68,/home/ts1349/datasets/blemore/face_aligned/A334_hap_int1_ver1,[0. 0. 0. 0. 1. 0.],[0.00669943 0.17338453 0.18595676 0.19276753 0.29611662 0.14507514]
69,/home/ts1349/datasets/blemore/face_aligned/A334_hap_int2_ver1,[0. 0. 0. 0. 1. 0.],[0.00718667 0.1917148  0.19682314 0.17815655 0.29888454 0.12723428]
70,/home/ts1349/datasets/blemore/face_aligned/A334_hap_int3_ver1,[0. 0. 0. 0. 1. 0.],[0.00735068 0.19402458 0.21044388 0.18009819 0.2886985  0.11938422]
71,/home/ts1349/datasets/blemore/face_aligned/A334_hap_int4_ver1,[0. 0. 0. 0. 1. 0.],[0.00636977 0.19003601 0.2061688  0.1821668  0.3015918  0.1136668 ]
72,/home/ts1349/datasets/blemore/face_aligned/A334_neu_sit1_ver1,[1. 0. 0. 0. 0. 0.],[0.00722712 0.15520155 0.21151061 0.21864678 0.25156167 0.15585226]
73,/home/ts1349/datasets/blemore/face_aligned/A334_neu_sit2_ver1,[1. 0. 0. 0. 0. 0.],[0.0068474  0.15756667 0.20592424 0.21712887 0.25300127 0.15953152]
74,/home/ts1349/datasets/blemore/face_aligned/A334_neu_sit3_ver1,[1. 0. 0. 0. 0. 0.],[0.00725121 0.15461132 0.2142395  0.20360993 0.2607035  0.15958457]
75,/home/ts1349/datasets/blemore/face_aligned/A334_neu_sit4_ver1,[1. 0. 0. 0. 0. 0.],[0.00679781 0.16015902 0.2102315  0.20629191 0.2538517  0.16266805]
76,/home/ts1349/datasets/blemore/face_aligned/A334_sad_int1_ver1,[0. 0. 0. 0. 0. 1.],[0.00774514 0.16703409 0.2268554  0.20521896 0.2331399  0.16000652]
77,/home/ts1349/datasets/blemore/face_aligned/A334_sad_int2_ver1,[0. 0. 0. 0. 0. 1.],[0.0073787  0.17126788 0.22826618 0.1908581  0.25392717 0.14830193]
78,/home/ts1349/datasets/blemore/face_aligned/A334_sad_int3_ver1,[0. 0. 0. 0. 0. 1.],[0.00743697 0.17502396 0.22664335 0.18560137 0.26090717 0.14438716]
79,/home/ts1349/datasets/blemore/face_aligned/A334_sad_int4_ver1,[0. 0. 0. 0. 0. 1.],[0.00726678 0.16499646 0.23163798 0.18849817 0.27221265 0.13538796]
80,/home/ts1349/datasets/blemore/face_aligned/A405_ang_int1_ver1,[0. 1. 0. 0. 0. 0.],[0.00699104 0.15888448 0.18158059 0.25800753 0.21148309 0.18305331]
81,/home/ts1349/datasets/blemore/face_aligned/A405_ang_int2_ver1,[0. 1. 0. 0. 0. 0.],[0.00789557 0.16487798 0.18072489 0.2718641  0.20538421 0.16925326]
82,/home/ts1349/datasets/blemore/face_aligned/A405_ang_int3_ver1,[0. 1. 0. 0. 0. 0.],[0.00755397 0.18609901 0.21645205 0.22308668 0.21500309 0.1518052 ]
83,/home/ts1349/datasets/blemore/face_aligned/A405_ang_int4_ver1,[0. 1. 0. 0. 0. 0.],[0.00733888 0.18740572 0.1983676  0.21887138 0.22919737 0.15881905]
84,/home/ts1349/datasets/blemore/face_aligned/A405_disg_int1_ver1,[0. 0. 1. 0. 0. 0.],[0.00766433 0.16506118 0.18177131 0.24450998 0.21484925 0.18614393]
85,/home/ts1349/datasets/blemore/face_aligned/A405_disg_int2_ver1,[0. 0. 1. 0. 0. 0.],[0.00647139 0.16432612 0.19084916 0.28504932 0.19961701 0.15368699]
86,/home/ts1349/datasets/blemore/face_aligned/A405_disg_int3_ver1,[0. 0. 1. 0. 0. 0.],[0.00737291 0.17435713 0.19311383 0.25059327 0.20559755 0.16896527]
87,/home/ts1349/datasets/blemore/face_aligned/A405_disg_int4_ver1,[0. 0. 1. 0. 0. 0.],[0.00633251 0.1751287  0.2155727  0.2504102  0.20742361 0.14513221]
88,/home/ts1349/datasets/blemore/face_aligned/A405_fea_int1_ver1,[0. 0. 0. 1. 0. 0.],[0.00679322 0.16328305 0.19239786 0.25368947 0.19040959 0.19342679]
89,/home/ts1349/datasets/blemore/face_aligned/A405_fea_int2_ver1,[0. 0. 0. 1. 0. 0.],[0.0069966  0.16782972 0.18840432 0.25509858 0.20435527 0.17731552]
90,/home/ts1349/datasets/blemore/face_aligned/A405_fea_int3_ver1,[0. 0. 0. 1. 0. 0.],[0.00721835 0.1858666  0.18151239 0.23470208 0.21128078 0.1794198 ]
91,/home/ts1349/datasets/blemore/face_aligned/A405_fea_int4_ver1,[0. 0. 0. 1. 0. 0.],[0.00840266 0.1880394  0.19632638 0.23361626 0.2106998  0.16291553]
92,/home/ts1349/datasets/blemore/face_aligned/A405_hap_int1_ver1,[0. 0. 0. 0. 1. 0.],[0.00703229 0.16265267 0.2020598  0.25483927 0.19667268 0.17674325]
93,/home/ts1349/datasets/blemore/face_aligned/A405_hap_int2_ver1,[0. 0. 0. 0. 1. 0.],[0.00777033 0.17235325 0.17968833 0.2428547  0.21820983 0.17912352]
94,/home/ts1349/datasets/blemore/face_aligned/A405_hap_int3_ver1,[0. 0. 0. 0. 1. 0.],[0.00694687 0.16659886 0.2027135  0.2699844  0.23328881 0.12046754]
95,/home/ts1349/datasets/blemore/face_aligned/A405_hap_int4_ver1,[0. 0. 0. 0. 1. 0.],[0.00721238 0.18116489 0.1730206  0.2399652  0.22310928 0.17552765]
96,/home/ts1349/datasets/blemore/face_aligned/A405_neu_sit1_ver1,[1. 0. 0. 0. 0. 0.],[0.00620779 0.16096506 0.17029831 0.269102   0.19102351 0.20240328]
97,/home/ts1349/datasets/blemore/face_aligned/A405_neu_sit2_ver1,[1. 0. 0. 0. 0. 0.],[0.00651839 0.17845137 0.17463398 0.26104254 0.19203494 0.18731876]
98,/home/ts1349/datasets/blemore/face_aligned/A405_neu_sit3_ver1,[1. 0. 0. 0. 0. 0.],[0.00726745 0.16117582 0.16531566 0.26644576 0.19102818 0.20876712]
99,/home/ts1349/datasets/blemore/face_aligned/A405_neu_sit4_ver1,[1. 0. 0. 0. 0. 0.],[0.00546881 0.16967092 0.1464199  0.2881191  0.19608219 0.19423908]
100,/home/ts1349/datasets/blemore/face_aligned/A405_sad_int1_ver1,[0. 0. 0. 0. 0. 1.],[0.00665329 0.16338508 0.17861706 0.2672052  0.19460143 0.1895379 ]
101,/home/ts1349/datasets/blemore/face_aligned/A405_sad_int2_ver1,[0. 0. 0. 0. 0. 1.],[0.0068096  0.16512614 0.18257117 0.26206952 0.19596112 0.18746248]
102,/home/ts1349/datasets/blemore/face_aligned/A405_sad_int3_ver1,[0. 0. 0. 0. 0. 1.],[0.00655263 0.16491883 0.17215261 0.2629524  0.20924607 0.18417749]
103,/home/ts1349/datasets/blemore/face_aligned/A405_sad_int4_ver1,[0. 0. 0. 0. 0. 1.],[0.00769944 0.17359969 0.1835168  0.2532444  0.21480809 0.16713162]
104,/home/ts1349/datasets/blemore/face_aligned/A411_ang_int1_ver1,[0. 1. 0. 0. 0. 0.],[0.00721673 0.16924898 0.22446328 0.2232288  0.1889105  0.18693177]
105,/home/ts1349/datasets/blemore/face_aligned/A411_ang_int2_ver1,[0. 1. 0. 0. 0. 0.],[0.00680986 0.16029581 0.21315254 0.22001423 0.20498407 0.19474347]
106,/home/ts1349/datasets/blemore/face_aligned/A411_ang_int3_ver1,[0. 1. 0. 0. 0. 0.],[0.00717051 0.16348398 0.21922335 0.20840192 0.19584715 0.20587309]
107,/home/ts1349/datasets/blemore/face_aligned/A411_ang_int4_ver1,[0. 1. 0. 0. 0. 0.],[0.00758661 0.20580164 0.23743331 0.20481353 0.20879327 0.13557166]
108,/home/ts1349/datasets/blemore/face_aligned/A411_disg_int1_ver1,[0. 0. 1. 0. 0. 0.],[0.00668324 0.17621869 0.22573976 0.2083441  0.18732753 0.1956867 ]
109,/home/ts1349/datasets/blemore/face_aligned/A411_disg_int2_ver1,[0. 0. 1. 0. 0. 0.],[0.00710941 0.16838244 0.20951901 0.24963251 0.18748415 0.17787246]
110,/home/ts1349/datasets/blemore/face_aligned/A411_disg_int3_ver1,[0. 0. 1. 0. 0. 0.],[0.00705773 0.17126706 0.24645555 0.2293476  0.17382202 0.17205003]
111,/home/ts1349/datasets/blemore/face_aligned/A411_disg_int4_ver1,[0. 0. 1. 0. 0. 0.],[0.00744732 0.17728938 0.21573332 0.21115671 0.2070323  0.18134093]
112,/home/ts1349/datasets/blemore/face_aligned/A411_fea_int1_ver1,[0. 0. 0. 1. 0. 0.],[0.00725139 0.15914662 0.2237577  0.22499819 0.19356716 0.1912789 ]
113,/home/ts1349/datasets/blemore/face_aligned/A411_fea_int2_ver1,[0. 0. 0. 1. 0. 0.],[0.00740469 0.16958113 0.19874814 0.23994733 0.19475678 0.18956196]
114,/home/ts1349/datasets/blemore/face_aligned/A411_fea_int3_ver1,[0. 0. 0. 1. 0. 0.],[0.00806239 0.18529978 0.20165767 0.24448076 0.19404551 0.16645393]
115,/home/ts1349/datasets/blemore/face_aligned/A411_fea_int4_ver1,[0. 0. 0. 1. 0. 0.],[0.00886503 0.21937567 0.2200763  0.21589291 0.20527595 0.13051417]
116,/home/ts1349/datasets/blemore/face_aligned/A411_hap_int1_ver1,[0. 0. 0. 0. 1. 0.],[0.00667264 0.16759971 0.19047648 0.21683572 0.20281605 0.21559937]
117,/home/ts1349/datasets/blemore/face_aligned/A411_hap_int2_ver1,[0. 0. 0. 0. 1. 0.],[0.0071702  0.17559749 0.17888273 0.21849833 0.21571788 0.20413339]
118,/home/ts1349/datasets/blemore/face_aligned/A411_hap_int3_ver1,[0. 0. 0. 0. 1. 0.],[0.00734314 0.1796789  0.18078274 0.22298121 0.21485664 0.19435735]
119,/home/ts1349/datasets/blemore/face_aligned/A411_hap_int4_ver1,[0. 0. 0. 0. 1. 0.],[0.0074839  0.18588166 0.18628146 0.22673318 0.21467088 0.17894891]
120,/home/ts1349/datasets/blemore/face_aligned/A411_neu_sit1_ver1,[1. 0. 0. 0. 0. 0.],[0.00787339 0.1564091  0.2119581  0.23190984 0.18755603 0.2042936 ]
121,/home/ts1349/datasets/blemore/face_aligned/A411_neu_sit2_ver1,[1. 0. 0. 0. 0. 0.],[0.00744119 0.16122326 0.20946775 0.22125603 0.19022864 0.2103831 ]
122,/home/ts1349/datasets/blemore/face_aligned/A411_neu_sit3_ver1,[1. 0. 0. 0. 0. 0.],[0.00718504 0.1663302  0.21698815 0.22386855 0.18846864 0.19715938]
123,/home/ts1349/datasets/blemore/face_aligned/A411_neu_sit4_ver1,[1. 0. 0. 0. 0. 0.],[0.00765296 0.1435959  0.21382686 0.23755342 0.19768497 0.19968584]
124,/home/ts1349/datasets/blemore/face_aligned/A411_sad_int1_ver1,[0. 0. 0. 0. 0. 1.],[0.00693826 0.1587414  0.23088056 0.21568768 0.19039232 0.19735983]
125,/home/ts1349/datasets/blemore/face_aligned/A411_sad_int2_ver1,[0. 0. 0. 0. 0. 1.],[0.00651257 0.17125288 0.20100655 0.22307608 0.18609293 0.21205899]
126,/home/ts1349/datasets/blemore/face_aligned/A411_sad_int3_ver1,[0. 0. 0. 0. 0. 1.],[0.00699774 0.1579537  0.20583168 0.22651094 0.19362283 0.20908311]
127,/home/ts1349/datasets/blemore/face_aligned/A411_sad_int4_ver1,[0. 0. 0. 0. 0. 1.],[0.00758308 0.19705042 0.1835657  0.18727681 0.2664724  0.15805158]
128,/home/ts1349/datasets/blemore/face_aligned/A427_ang_int1_ver1,[0. 1. 0. 0. 0. 0.],[0.00847461 0.14531064 0.22938338 0.20894557 0.20854281 0.199343  ]
129,/home/ts1349/datasets/blemore/face_aligned/A427_ang_int2_ver1,[0. 1. 0. 0. 0. 0.],[0.0083068  0.14862731 0.22897018 0.21088599 0.20554854 0.19766113]
130,/home/ts1349/datasets/blemore/face_aligned/A427_ang_int3_ver1,[0. 1. 0. 0. 0. 0.],[0.00782978 0.15215704 0.22711675 0.19829416 0.2142647  0.20033754]
131,/home/ts1349/datasets/blemore/face_aligned/A427_ang_int4_ver1,[0. 1. 0. 0. 0. 0.],[0.00830435 0.17050663 0.25481653 0.19272602 0.21649    0.15715647]
132,/home/ts1349/datasets/blemore/face_aligned/A427_disg_int1_ver1,[0. 0. 1. 0. 0. 0.],[0.0069112  0.15618908 0.21709281 0.19777837 0.21408862 0.20793986]
133,/home/ts1349/datasets/blemore/face_aligned/A427_disg_int2_ver1,[0. 0. 1. 0. 0. 0.],[0.00649568 0.15268268 0.20760198 0.21164457 0.21052971 0.21104534]
134,/home/ts1349/datasets/blemore/face_aligned/A427_disg_int3_ver1,[0. 0. 1. 0. 0. 0.],[0.00624384 0.16549143 0.236386   0.18606922 0.2267139  0.17909563]
135,/home/ts1349/datasets/blemore/face_aligned/A427_disg_int4_ver1,[0. 0. 1. 0. 0. 0.],[0.00479217 0.18515947 0.22747383 0.18825948 0.22614251 0.16817252]
136,/home/ts1349/datasets/blemore/face_aligned/A427_fea_int1_ver1,[0. 0. 0. 1. 0. 0.],[0.00711967 0.15709569 0.23167284 0.18882705 0.20346463 0.2118201 ]
137,/home/ts1349/datasets/blemore/face_aligned/A427_fea_int2_ver1,[0. 0. 0. 1. 0. 0.],[0.00782096 0.15286843 0.23527586 0.19970767 0.20540853 0.19891854]
138,/home/ts1349/datasets/blemore/face_aligned/A427_fea_int3_ver1,[0. 0. 0. 1. 0. 0.],[0.00772318 0.15292054 0.23373994 0.21011654 0.20844999 0.18704985]
139,/home/ts1349/datasets/blemore/face_aligned/A427_fea_int4_ver1,[0. 0. 0. 1. 0. 0.],[0.00651017 0.16709635 0.22161058 0.20306617 0.21401162 0.18770513]
140,/home/ts1349/datasets/blemore/face_aligned/A427_hap_int1_ver1,[0. 0. 0. 0. 1. 0.],[0.00586088 0.15812463 0.20141056 0.18984048 0.23540737 0.20935607]
141,/home/ts1349/datasets/blemore/face_aligned/A427_hap_int2_ver1,[0. 0. 0. 0. 1. 0.],[0.0061112  0.17130147 0.19398941 0.21016769 0.22388023 0.19455001]
142,/home/ts1349/datasets/blemore/face_aligned/A427_hap_int3_ver1,[0. 0. 0. 0. 1. 0.],[0.00632996 0.17192091 0.16598037 0.21489263 0.26549444 0.17538169]
143,/home/ts1349/datasets/blemore/face_aligned/A427_hap_int4_ver1,[0. 0. 0. 0. 1. 0.],[0.00495321 0.20083743 0.20422065 0.21115766 0.24219118 0.13663988]
144,/home/ts1349/datasets/blemore/face_aligned/A427_neu_sit1_ver1,[1. 0. 0. 0. 0. 0.],[0.00701433 0.15146215 0.20378536 0.22512871 0.2024414  0.21016808]
145,/home/ts1349/datasets/blemore/face_aligned/A427_neu_sit2_ver1,[1. 0. 0. 0. 0. 0.],[0.00630968 0.16662762 0.19621575 0.20353958 0.24173713 0.18557027]
146,/home/ts1349/datasets/blemore/face_aligned/A427_neu_sit3_ver1,[1. 0. 0. 0. 0. 0.],[0.00614629 0.16273917 0.20770118 0.20805642 0.2138335  0.20152344]
147,/home/ts1349/datasets/blemore/face_aligned/A427_neu_sit4_ver1,[1. 0. 0. 0. 0. 0.],[0.00653553 0.15767944 0.20664856 0.20505232 0.21145564 0.21262853]
148,/home/ts1349/datasets/blemore/face_aligned/A427_sad_int1_ver1,[0. 0. 0. 0. 0. 1.],[0.00694153 0.15954447 0.22735484 0.1868326  0.21307501 0.20625155]
149,/home/ts1349/datasets/blemore/face_aligned/A427_sad_int2_ver1,[0. 0. 0. 0. 0. 1.],[0.00730335 0.15815513 0.21941233 0.20539434 0.20589104 0.2038438 ]
150,/home/ts1349/datasets/blemore/face_aligned/A427_sad_int3_ver1,[0. 0. 0. 0. 0. 1.],[0.00661101 0.16853668 0.22325419 0.19031245 0.21569303 0.1955927 ]
151,/home/ts1349/datasets/blemore/face_aligned/A427_sad_int4_ver1,[0. 0. 0. 0. 0. 1.],[0.00590476 0.1675036  0.22726136 0.1816429  0.21559973 0.20208758]
152,/home/ts1349/datasets/blemore/face_aligned/A74_disg_int1_ver1,[0. 0. 1. 0. 0. 0.],[0.00614589 0.15983659 0.21502154 0.23257822 0.22578281 0.16063495]
153,/home/ts1349/datasets/blemore/face_aligned/A74_disg_int2_ver1,[0. 0. 1. 0. 0. 0.],[0.00707712 0.16141476 0.21779819 0.23064598 0.24289533 0.1401686 ]
154,/home/ts1349/datasets/blemore/face_aligned/A74_disg_int3_ver1,[0. 0. 1. 0. 0. 0.],[0.0066564  0.16135381 0.2146539  0.2141968  0.252707   0.15043205]
155,/home/ts1349/datasets/blemore/face_aligned/A74_disg_int4_ver1,[0. 0. 1. 0. 0. 0.],[0.00657126 0.15379834 0.2427142  0.22606671 0.24787953 0.12296996]
156,/home/ts1349/datasets/blemore/face_aligned/A74_neu_sit1_ver1,[1. 0. 0. 0. 0. 0.],[0.00585892 0.18227011 0.16881016 0.25579107 0.25557053 0.13169919]
157,/home/ts1349/datasets/blemore/face_aligned/A74_neu_sit2_ver1,[1. 0. 0. 0. 0. 0.],[0.00738615 0.17169008 0.18685383 0.2493976  0.23556015 0.1491122 ]
158,/home/ts1349/datasets/blemore/face_aligned/A74_neu_sit3_ver1,[1. 0. 0. 0. 0. 0.],[0.00599934 0.18551916 0.20041712 0.23318508 0.23177038 0.14310893]
159,/home/ts1349/datasets/blemore/face_aligned/A74_neu_sit4_ver1,[1. 0. 0. 0. 0. 0.],[0.0064556  0.17413792 0.20030305 0.2710967  0.21216042 0.13584629]
160,/home/ts1349/datasets/blemore/face_aligned/A412_ang_int1_ver1,[0. 1. 0. 0. 0. 0.],[0.00733948 0.17094071 0.23517615 0.18869436 0.22106624 0.17678313]
161,/home/ts1349/datasets/blemore/face_aligned/A412_ang_int2_ver1,[0. 1. 0. 0. 0. 0.],[0.00842836 0.17920464 0.23656411 0.19768545 0.21139756 0.16671988]
162,/home/ts1349/datasets/blemore/face_aligned/A412_ang_int3_ver1,[0. 1. 0. 0. 0. 0.],[0.00743518 0.18237135 0.24901935 0.18705454 0.21268907 0.16143055]
163,/home/ts1349/datasets/blemore/face_aligned/A412_ang_int4_ver1,[0. 1. 0. 0. 0. 0.],[0.00818014 0.18309334 0.25185382 0.17934906 0.2428108  0.13471287]
164,/home/ts1349/datasets/blemore/face_aligned/A412_disg_int1_ver1,[0. 0. 1. 0. 0. 0.],[0.00825848 0.15806608 0.25376958 0.19225554 0.22365798 0.16399235]
165,/home/ts1349/datasets/blemore/face_aligned/A412_disg_int2_ver1,[0. 0. 1. 0. 0. 0.],[0.00633629 0.17710195 0.23045501 0.1800969  0.22404084 0.18196899]
166,/home/ts1349/datasets/blemore/face_aligned/A412_disg_int3_ver1,[0. 0. 1. 0. 0. 0.],[0.00764167 0.16004084 0.25376886 0.20746207 0.23564924 0.13543731]
167,/home/ts1349/datasets/blemore/face_aligned/A412_disg_int4_ver1,[0. 0. 1. 0. 0. 0.],[0.00599978 0.17061576 0.23577535 0.18624401 0.2614465  0.1399186 ]
168,/home/ts1349/datasets/blemore/face_aligned/A412_fea_int1_ver1,[0. 0. 0. 1. 0. 0.],[0.00776257 0.18958688 0.2404066  0.18275209 0.20977867 0.16971323]
169,/home/ts1349/datasets/blemore/face_aligned/A412_fea_int2_ver1,[0. 0. 0. 1. 0. 0.],[0.00838385 0.17713211 0.24825743 0.19120708 0.22520107 0.1498184 ]
170,/home/ts1349/datasets/blemore/face_aligned/A412_fea_int3_ver1,[0. 0. 0. 1. 0. 0.],[0.00861713 0.17144448 0.2579385  0.1860163  0.23758382 0.13839972]
171,/home/ts1349/datasets/blemore/face_aligned/A412_fea_int4_ver1,[0. 0. 0. 1. 0. 0.],[0.00792723 0.18134308 0.24119852 0.18354584 0.25839472 0.12759063]
172,/home/ts1349/datasets/blemore/face_aligned/A412_hap_int1_ver1,[0. 0. 0. 0. 1. 0.],[0.00715473 0.18472043 0.21361405 0.18621118 0.23400673 0.17429286]
173,/home/ts1349/datasets/blemore/face_aligned/A412_hap_int2_ver1,[0. 0. 0. 0. 1. 0.],[0.00708208 0.18539503 0.19817057 0.18902871 0.25358123 0.16674241]
174,/home/ts1349/datasets/blemore/face_aligned/A412_hap_int3_ver1,[0. 0. 0. 0. 1. 0.],[0.00717949 0.19542983 0.19843431 0.18934649 0.24464546 0.16496444]
175,/home/ts1349/datasets/blemore/face_aligned/A412_hap_int4_ver1,[0. 0. 0. 0. 1. 0.],[0.00791167 0.20010713 0.21565007 0.18761082 0.241374   0.14734635]
176,/home/ts1349/datasets/blemore/face_aligned/A412_neu_sit1_ver1,[1. 0. 0. 0. 0. 0.],[0.00789216 0.16573218 0.21765219 0.20898443 0.2157964  0.18394265]
177,/home/ts1349/datasets/blemore/face_aligned/A412_neu_sit2_ver1,[1. 0. 0. 0. 0. 0.],[0.0074994  0.16880994 0.21546468 0.2051452  0.21604599 0.18703485]
178,/home/ts1349/datasets/blemore/face_aligned/A412_neu_sit3_ver1,[1. 0. 0. 0. 0. 0.],[0.00785861 0.16827214 0.2176189  0.20364358 0.21215254 0.19045419]
179,/home/ts1349/datasets/blemore/face_aligned/A412_neu_sit4_ver1,[1. 0. 0. 0. 0. 0.],[0.0076604  0.17390434 0.2227337  0.2006057  0.20842355 0.18667229]
180,/home/ts1349/datasets/blemore/face_aligned/A412_sad_int1_ver1,[0. 0. 0. 0. 0. 1.],[0.00882203 0.17419192 0.23142698 0.18884166 0.22185794 0.17485946]
181,/home/ts1349/datasets/blemore/face_aligned/A412_sad_int2_ver1,[0. 0. 0. 0. 0. 1.],[0.00738516 0.1720705  0.24946356 0.17992379 0.22654305 0.16461395]
182,/home/ts1349/datasets/blemore/face_aligned/A412_sad_int3_ver1,[0. 0. 0. 0. 0. 1.],[0.00797338 0.17524816 0.24585158 0.18013102 0.23260525 0.15819062]
183,/home/ts1349/datasets/blemore/face_aligned/A412_sad_int4_ver1,[0. 0. 0. 0. 0. 1.],[0.00802507 0.18516806 0.24230689 0.16650525 0.2528767  0.145118  ]
184,/home/ts1349/datasets/blemore/face_aligned/A428_ang_int1_ver1,[0. 1. 0. 0. 0. 0.],[0.00877328 0.15857904 0.24610305 0.18402359 0.21953173 0.18298927]
185,/home/ts1349/datasets/blemore/face_aligned/A428_ang_int2_ver1,[0. 1. 0. 0. 0. 0.],[0.00901677 0.16177231 0.24376586 0.18693365 0.22058335 0.17792806]
186,/home/ts1349/datasets/blemore/face_aligned/A428_ang_int3_ver1,[0. 1. 0. 0. 0. 0.],[0.00937409 0.1946595  0.26460558 0.16850272 0.21969305 0.14316511]
187,/home/ts1349/datasets/blemore/face_aligned/A428_ang_int4_ver1,[0. 1. 0. 0. 0. 0.],[0.00927043 0.17306845 0.2755855  0.1652036  0.2421965  0.13467552]
188,/home/ts1349/datasets/blemore/face_aligned/A428_disg_int1_ver1,[0. 0. 1. 0. 0. 0.],[0.00864752 0.15404356 0.2533377  0.18049356 0.22852118 0.17495647]
189,/home/ts1349/datasets/blemore/face_aligned/A428_disg_int2_ver1,[0. 0. 1. 0. 0. 0.],[0.00952379 0.15752164 0.2557701  0.179708   0.21662763 0.18084887]
190,/home/ts1349/datasets/blemore/face_aligned/A428_disg_int3_ver1,[0. 0. 1. 0. 0. 0.],[0.00761775 0.15895815 0.26089704 0.17503865 0.23020433 0.16728409]
191,/home/ts1349/datasets/blemore/face_aligned/A428_disg_int4_ver1,[0. 0. 1. 0. 0. 0.],[0.00882888 0.16099009 0.2690497  0.16780585 0.22499776 0.1683277 ]
192,/home/ts1349/datasets/blemore/face_aligned/A428_fea_int1_ver1,[0. 0. 0. 1. 0. 0.],[0.00882588 0.15723644 0.2468152  0.17989737 0.22341421 0.18381089]
193,/home/ts1349/datasets/blemore/face_aligned/A428_fea_int2_ver1,[0. 0. 0. 1. 0. 0.],[0.00898845 0.15796764 0.24544032 0.1841408  0.2153512  0.18811159]
194,/home/ts1349/datasets/blemore/face_aligned/A428_fea_int3_ver1,[0. 0. 0. 1. 0. 0.],[0.00921374 0.15658616 0.24919945 0.18245357 0.21318996 0.18935713]
195,/home/ts1349/datasets/blemore/face_aligned/A428_fea_int4_ver1,[0. 0. 0. 1. 0. 0.],[0.00975182 0.15651007 0.26126057 0.17193735 0.2263099  0.17423029]
196,/home/ts1349/datasets/blemore/face_aligned/A428_hap_int1_ver1,[0. 0. 0. 0. 1. 0.],[0.00874169 0.16511786 0.2142441  0.19235393 0.25080615 0.16873628]
197,/home/ts1349/datasets/blemore/face_aligned/A428_hap_int2_ver1,[0. 0. 0. 0. 1. 0.],[0.00813874 0.15646352 0.23578535 0.18529741 0.2411807  0.17313427]
198,/home/ts1349/datasets/blemore/face_aligned/A428_hap_int3_ver1,[0. 0. 0. 0. 1. 0.],[0.0081228  0.16924061 0.2108935  0.18903616 0.2521296  0.17057733]
199,/home/ts1349/datasets/blemore/face_aligned/A428_hap_int3_ver2,[0. 0. 0. 0. 1. 0.],[0.00714238 0.16023147 0.21130928 0.20064561 0.25112683 0.16954446]
200,/home/ts1349/datasets/blemore/face_aligned/A428_hap_int4_ver1,[0. 0. 0. 0. 1. 0.],[0.00869421 0.17819801 0.23297903 0.17263943 0.2670046  0.14048475]
201,/home/ts1349/datasets/blemore/face_aligned/A428_neu_sit1_ver1,[1. 0. 0. 0. 0. 0.],[0.00837033 0.16104393 0.23850368 0.18630095 0.2173171  0.18846403]
202,/home/ts1349/datasets/blemore/face_aligned/A428_neu_sit2_ver1,[1. 0. 0. 0. 0. 0.],[0.00822823 0.16455235 0.23859361 0.18588379 0.21594697 0.18679503]
203,/home/ts1349/datasets/blemore/face_aligned/A428_neu_sit3_ver1,[1. 0. 0. 0. 0. 0.],[0.00780282 0.14926954 0.24796635 0.18787211 0.23494086 0.17214833]
204,/home/ts1349/datasets/blemore/face_aligned/A428_neu_sit4_ver1,[1. 0. 0. 0. 0. 0.],[0.00918711 0.15786082 0.25314298 0.17393373 0.21697304 0.18890235]
205,/home/ts1349/datasets/blemore/face_aligned/A428_sad_int1_ver1,[0. 0. 0. 0. 0. 1.],[0.00832113 0.15718842 0.23882511 0.18496034 0.2172308  0.19347417]
206,/home/ts1349/datasets/blemore/face_aligned/A428_sad_int2_ver1,[0. 0. 0. 0. 0. 1.],[0.00837308 0.16227755 0.23310214 0.18458124 0.2201759  0.19149004]
207,/home/ts1349/datasets/blemore/face_aligned/A428_sad_int3_ver1,[0. 0. 0. 0. 0. 1.],[0.00849582 0.15800302 0.2509713  0.18115762 0.2274889  0.17388332]
208,/home/ts1349/datasets/blemore/face_aligned/A428_sad_int4_ver1,[0. 0. 0. 0. 0. 1.],[0.00924761 0.16975555 0.2668503  0.1622029  0.21804994 0.17389369]
209,/home/ts1349/datasets/blemore/face_aligned/A428_sad_int4_ver2,[0. 0. 0. 0. 0. 1.],[0.00893333 0.18843341 0.23294468 0.15414424 0.23845336 0.17709097]
210,/home/ts1349/datasets/blemore/face_aligned/A26_ang_int1_ver1,[0. 1. 0. 0. 0. 0.],[0.00740366 0.1637127  0.22177367 0.20932192 0.19636174 0.20142636]
211,/home/ts1349/datasets/blemore/face_aligned/A26_ang_int2_ver1,[0. 1. 0. 0. 0. 0.],[0.00728102 0.1696728  0.22774817 0.21082112 0.19635648 0.1881204 ]
212,/home/ts1349/datasets/blemore/face_aligned/A26_ang_int3_ver1,[0. 1. 0. 0. 0. 0.],[0.00735546 0.1826047  0.22444259 0.21486856 0.19137572 0.17935297]
213,/home/ts1349/datasets/blemore/face_aligned/A26_ang_int4_ver1,[0. 1. 0. 0. 0. 0.],[0.00691321 0.19065064 0.24116638 0.19834927 0.1896997  0.1732208 ]
214,/home/ts1349/datasets/blemore/face_aligned/A26_fea_int1_ver1,[0. 0. 0. 1. 0. 0.],[0.00651105 0.1679773  0.23192027 0.20811422 0.19190349 0.19357368]
215,/home/ts1349/datasets/blemore/face_aligned/A26_fea_int2_ver1,[0. 0. 0. 1. 0. 0.],[0.00718344 0.17181006 0.22313187 0.21243551 0.19063814 0.19480097]
216,/home/ts1349/datasets/blemore/face_aligned/A26_fea_int3_ver1,[0. 0. 0. 1. 0. 0.],[0.00641599 0.17978214 0.22520229 0.2032137  0.19521016 0.19017571]
217,/home/ts1349/datasets/blemore/face_aligned/A26_fea_int4_ver1,[0. 0. 0. 1. 0. 0.],[0.00730535 0.17038698 0.23608607 0.2073285  0.19512519 0.18376788]
218,/home/ts1349/datasets/blemore/face_aligned/A26_hap_int1_ver1,[0. 0. 0. 0. 1. 0.],[0.00591842 0.17693272 0.18479177 0.21121404 0.21511349 0.20602952]
219,/home/ts1349/datasets/blemore/face_aligned/A26_hap_int2_ver1,[0. 0. 0. 0. 1. 0.],[0.00559764 0.16404757 0.18084472 0.21687362 0.22449452 0.20814194]
220,/home/ts1349/datasets/blemore/face_aligned/A26_hap_int3_ver1,[0. 0. 0. 0. 1. 0.],[0.00622941 0.18066666 0.19493937 0.20964135 0.2390548  0.16946842]
221,/home/ts1349/datasets/blemore/face_aligned/A26_hap_int4_ver1,[0. 0. 0. 0. 1. 0.],[0.00598614 0.19773202 0.19920969 0.19206151 0.22614343 0.1788672 ]
222,/home/ts1349/datasets/blemore/face_aligned/A26_sad_int1_ver1,[0. 0. 0. 0. 0. 1.],[0.00758096 0.16409144 0.22218195 0.22629192 0.18487209 0.19498166]
223,/home/ts1349/datasets/blemore/face_aligned/A26_sad_int2_ver1,[0. 0. 0. 0. 0. 1.],[0.00723959 0.17793801 0.20973417 0.22422542 0.17918886 0.20167395]
224,/home/ts1349/datasets/blemore/face_aligned/A26_sad_int3_ver1,[0. 0. 0. 0. 0. 1.],[0.00743753 0.17598322 0.21391772 0.22654256 0.18621176 0.1899072 ]
225,/home/ts1349/datasets/blemore/face_aligned/A26_sad_int4_ver1,[0. 0. 0. 0. 0. 1.],[0.00732686 0.17141193 0.21796346 0.2092568  0.20955124 0.18448971]
226,/home/ts1349/datasets/blemore/face_aligned/A74_ang_int1_ver1,[0. 1. 0. 0. 0. 0.],[0.00655421 0.14948937 0.22433953 0.25003862 0.22696501 0.14261326]
227,/home/ts1349/datasets/blemore/face_aligned/A74_ang_int2_ver1,[0. 1. 0. 0. 0. 0.],[0.00586879 0.18201482 0.21877164 0.29230148 0.19859782 0.10244548]
228,/home/ts1349/datasets/blemore/face_aligned/A74_ang_int3_ver1,[0. 1. 0. 0. 0. 0.],[0.00709318 0.18011093 0.22658686 0.23206349 0.22422853 0.12991698]
229,/home/ts1349/datasets/blemore/face_aligned/A74_ang_int4_ver1,[0. 1. 0. 0. 0. 0.],[0.0081709  0.17145368 0.22845848 0.2432906  0.22803679 0.12058951]
230,/home/ts1349/datasets/blemore/face_aligned/A74_fea_int1_ver1,[0. 0. 0. 1. 0. 0.],[0.00813299 0.153591   0.19712083 0.24155027 0.23911218 0.16049272]
231,/home/ts1349/datasets/blemore/face_aligned/A74_fea_int2_ver1,[0. 0. 0. 1. 0. 0.],[0.0081033  0.16324918 0.20274708 0.23225354 0.24857977 0.14506716]
232,/home/ts1349/datasets/blemore/face_aligned/A74_fea_int3_ver1,[0. 0. 0. 1. 0. 0.],[0.00640461 0.17102757 0.21354333 0.22172186 0.23483768 0.15246491]
233,/home/ts1349/datasets/blemore/face_aligned/A74_fea_int4_ver1,[0. 0. 0. 1. 0. 0.],[0.00577724 0.16989473 0.18940923 0.24986255 0.21726474 0.16779147]
234,/home/ts1349/datasets/blemore/face_aligned/A74_hap_int1_ver1,[0. 0. 0. 0. 1. 0.],[0.00418791 0.1944287  0.16604036 0.30569333 0.2071709  0.12247885]
235,/home/ts1349/datasets/blemore/face_aligned/A74_hap_int2_ver1,[0. 0. 0. 0. 1. 0.],[0.0069323  0.18852216 0.18076493 0.22409847 0.26389548 0.13578668]
236,/home/ts1349/datasets/blemore/face_aligned/A74_hap_int3_ver1,[0. 0. 0. 0. 1. 0.],[0.00649305 0.17153403 0.18634854 0.24901535 0.25298345 0.13362557]
237,/home/ts1349/datasets/blemore/face_aligned/A74_hap_int4_ver1,[0. 0. 0. 0. 1. 0.],[0.00530836 0.20646343 0.16662452 0.24884179 0.25611115 0.11665076]
238,/home/ts1349/datasets/blemore/face_aligned/A74_sad_int1_ver1,[0. 0. 0. 0. 0. 1.],[0.00559534 0.16573106 0.20286688 0.22915895 0.22602628 0.17062151]
239,/home/ts1349/datasets/blemore/face_aligned/A74_sad_int2_ver1,[0. 0. 0. 0. 0. 1.],[0.00621857 0.19100162 0.18383557 0.25452518 0.22264531 0.14177376]
240,/home/ts1349/datasets/blemore/face_aligned/A74_sad_int3_ver1,[0. 0. 0. 0. 0. 1.],[0.00605049 0.18759    0.19321683 0.22331686 0.22596306 0.16386275]
241,/home/ts1349/datasets/blemore/face_aligned/A74_sad_int4_ver1,[0. 0. 0. 0. 0. 1.],[0.00583273 0.14887512 0.21447726 0.2519671  0.18984987 0.18899795]
242,/home/ts1349/datasets/blemore/face_aligned/A26_mix_ang_fea_30_70_ver1,[ 0. 30.  0. 70.  0.  0.],[0.00707972 0.1617931  0.22784403 0.2196174  0.18864502 0.19502074]
243,/home/ts1349/datasets/blemore/face_aligned/A26_mix_ang_fea_50_50_ver1,[ 0. 50.  0. 50.  0.  0.],[0.00704241 0.17102145 0.22171643 0.21646753 0.182909   0.20084319]
244,/home/ts1349/datasets/blemore/face_aligned/A26_mix_ang_fea_70_30_ver1,[ 0. 70.  0. 30.  0.  0.],[0.00717233 0.16118264 0.21893533 0.22629529 0.18860555 0.19780886]
245,/home/ts1349/datasets/blemore/face_aligned/A26_mix_ang_hap_30_70_ver1,[ 0. 30.  0.  0. 70.  0.],[0.00630381 0.15933424 0.21049595 0.21888654 0.20736623 0.19761316]
246,/home/ts1349/datasets/blemore/face_aligned/A26_mix_ang_hap_50_50_ver1,[ 0. 50.  0.  0. 50.  0.],[0.00634846 0.16626924 0.20407906 0.21395707 0.21232255 0.19702363]
247,/home/ts1349/datasets/blemore/face_aligned/A26_mix_ang_hap_70_30_ver1,[ 0. 70.  0.  0. 30.  0.],[0.00618672 0.16598386 0.21017438 0.21472701 0.20571569 0.19721234]
248,/home/ts1349/datasets/blemore/face_aligned/A26_mix_ang_sad_30_70_ver1,[ 0. 30.  0.  0.  0. 70.],[0.00669505 0.16491625 0.21573254 0.21655159 0.1931926  0.20291197]
249,/home/ts1349/datasets/blemore/face_aligned/A26_mix_ang_sad_50_50_ver1,[ 0. 50.  0.  0.  0. 50.],[0.00688618 0.16368762 0.2309543  0.21663219 0.19141439 0.19042534]
250,/home/ts1349/datasets/blemore/face_aligned/A26_mix_ang_sad_70_30_ver1,[ 0. 70.  0.  0.  0. 30.],[0.00698939 0.16557348 0.22548252 0.21875377 0.1939155  0.18928531]
251,/home/ts1349/datasets/blemore/face_aligned/A26_mix_fea_hap_30_70_ver1,[ 0.  0.  0. 30. 70.  0.],[0.0063525  0.16772729 0.20476991 0.2151422  0.2077087  0.19829941]
252,/home/ts1349/datasets/blemore/face_aligned/A26_mix_fea_hap_50_50_ver1,[ 0.  0.  0. 50. 50.  0.],[0.00605821 0.16218819 0.22800818 0.19032307 0.21215095 0.20127141]
253,/home/ts1349/datasets/blemore/face_aligned/A26_mix_fea_hap_70_30_ver1,[ 0.  0.  0. 70. 30.  0.],[0.00670232 0.1651493  0.23297428 0.20186035 0.20144382 0.19186994]
254,/home/ts1349/datasets/blemore/face_aligned/A26_mix_fea_sad_30_70_ver1,[ 0.  0.  0. 30.  0. 70.],[0.00712202 0.16571628 0.2370104  0.20828511 0.19674473 0.1851215 ]
255,/home/ts1349/datasets/blemore/face_aligned/A26_mix_fea_sad_50_50_ver1,[ 0.  0.  0. 50.  0. 50.],[0.00744351 0.16348895 0.23690803 0.21296102 0.18541656 0.19378188]
256,/home/ts1349/datasets/blemore/face_aligned/A26_mix_fea_sad_70_30_ver1,[ 0.  0.  0. 70.  0. 30.],[0.00677683 0.17194323 0.2255802  0.2029893  0.19835164 0.19435877]
257,/home/ts1349/datasets/blemore/face_aligned/A26_mix_hap_sad_30_70_ver1,[ 0.  0.  0.  0. 30. 70.],[0.00666059 0.158209   0.21939757 0.21791425 0.19464853 0.20317003]
258,/home/ts1349/datasets/blemore/face_aligned/A26_mix_hap_sad_50_50_ver1,[ 0.  0.  0.  0. 50. 50.],[0.00635245 0.16497126 0.20683858 0.21905118 0.20661367 0.19617285]
259,/home/ts1349/datasets/blemore/face_aligned/A26_mix_hap_sad_70_30_ver1,[ 0.  0.  0.  0. 70. 30.],[0.00597878 0.1690593  0.20071584 0.22386819 0.20843174 0.19194616]
260,/home/ts1349/datasets/blemore/face_aligned/A74_mix_ang_fea_30_70_ver1,[ 0. 30.  0. 70.  0.  0.],[0.00696491 0.16412538 0.22373515 0.23080316 0.22914624 0.14522511]
261,/home/ts1349/datasets/blemore/face_aligned/A74_mix_ang_fea_50_50_ver1,[ 0. 50.  0. 50.  0.  0.],[0.00568761 0.17465751 0.20579754 0.23149052 0.22449811 0.15786877]
262,/home/ts1349/datasets/blemore/face_aligned/A74_mix_ang_fea_70_30_ver1,[ 0. 70.  0. 30.  0.  0.],[0.00594768 0.18550593 0.17894188 0.23419312 0.2036806  0.19173077]
263,/home/ts1349/datasets/blemore/face_aligned/A74_mix_ang_hap_30_70_ver1,[ 0. 30.  0.  0. 70.  0.],[0.00454967 0.19199811 0.21501666 0.22450338 0.2682844  0.09564779]
264,/home/ts1349/datasets/blemore/face_aligned/A74_mix_ang_hap_50_50_ver1,[ 0. 50.  0.  0. 50.  0.],[0.00744568 0.184306   0.21436992 0.23784992 0.22947966 0.12654883]
265,/home/ts1349/datasets/blemore/face_aligned/A74_mix_ang_hap_70_30_ver1,[ 0. 70.  0.  0. 30.  0.],[0.00677008 0.17270479 0.22233945 0.21169542 0.24742684 0.1390634 ]
266,/home/ts1349/datasets/blemore/face_aligned/A74_mix_ang_sad_30_70_ver1,[ 0. 30.  0.  0.  0. 70.],[0.00602057 0.18440227 0.27006185 0.20899719 0.23708755 0.09343059]
267,/home/ts1349/datasets/blemore/face_aligned/A74_mix_ang_sad_50_50_ver1,[ 0. 50.  0.  0.  0. 50.],[0.00746093 0.1698336  0.20628214 0.26612696 0.22257423 0.12772217]
268,/home/ts1349/datasets/blemore/face_aligned/A74_mix_ang_sad_70_30_ver1,[ 0. 70.  0.  0.  0. 30.],[0.00649078 0.14821298 0.20069645 0.25406036 0.24931696 0.14122246]
269,/home/ts1349/datasets/blemore/face_aligned/A74_mix_fea_hap_30_70_ver1,[ 0.  0.  0. 30. 70.  0.],[0.00775386 0.1826086  0.1922298  0.24555713 0.23316947 0.13868111]
270,/home/ts1349/datasets/blemore/face_aligned/A74_mix_fea_hap_50_50_ver1,[ 0.  0.  0. 50. 50.  0.],[0.00806487 0.18478373 0.22098386 0.21694021 0.25097892 0.11824847]
271,/home/ts1349/datasets/blemore/face_aligned/A74_mix_fea_hap_70_30_ver1,[ 0.  0.  0. 70. 30.  0.],[0.00793662 0.17013174 0.2108719  0.24105945 0.238359   0.13164128]
272,/home/ts1349/datasets/blemore/face_aligned/A74_mix_fea_sad_30_70_ver1,[ 0.  0.  0. 30.  0. 70.],[0.00682124 0.16071858 0.21374124 0.2434365  0.23530963 0.13997276]
273,/home/ts1349/datasets/blemore/face_aligned/A74_mix_fea_sad_50_50_ver1,[ 0.  0.  0. 50.  0. 50.],[0.00626817 0.1507835  0.2154492  0.25134784 0.253421   0.12273029]
274,/home/ts1349/datasets/blemore/face_aligned/A74_mix_fea_sad_70_30_ver1,[ 0.  0.  0. 70.  0. 30.],[0.00587988 0.19154531 0.22613373 0.21622843 0.22907992 0.13113275]
275,/home/ts1349/datasets/blemore/face_aligned/A74_mix_hap_sad_30_70_ver1,[ 0.  0.  0.  0. 30. 70.],[0.00669555 0.17727482 0.17944767 0.26255628 0.2444579  0.12956779]
276,/home/ts1349/datasets/blemore/face_aligned/A74_mix_hap_sad_50_50_ver1,[ 0.  0.  0.  0. 50. 50.],[0.00513375 0.19039306 0.17615446 0.27629519 0.22200388 0.13001963]
277,/home/ts1349/datasets/blemore/face_aligned/A74_mix_hap_sad_70_30_ver1,[ 0.  0.  0.  0. 70. 30.],[0.00791885 0.1815155  0.19076125 0.23301034 0.25433332 0.13246074]
278,/home/ts1349/datasets/blemore/face_aligned/A412_mix_ang_disg_30_70_ver1,[ 0. 30. 70.  0.  0.  0.],[0.00633639 0.17813776 0.21327348 0.2007874  0.2299366  0.17152837]
279,/home/ts1349/datasets/blemore/face_aligned/A412_mix_ang_disg_30_70_ver2,[ 0. 30. 70.  0.  0.  0.],[0.00669878 0.17368208 0.24584956 0.18106043 0.22618063 0.1665285 ]
280,/home/ts1349/datasets/blemore/face_aligned/A412_mix_ang_disg_50_50_ver1,[ 0. 50. 50.  0.  0.  0.],[0.00679075 0.17434433 0.22784343 0.19721876 0.22540219 0.16840053]
281,/home/ts1349/datasets/blemore/face_aligned/A412_mix_ang_disg_50_50_ver2,[ 0. 50. 50.  0.  0.  0.],[0.00634336 0.17269427 0.22036019 0.19833449 0.2254796  0.17678805]
282,/home/ts1349/datasets/blemore/face_aligned/A412_mix_ang_disg_70_30_ver1,[ 0. 70. 30.  0.  0.  0.],[0.00680185 0.1812189  0.22823432 0.18666415 0.21044031 0.18664044]
283,/home/ts1349/datasets/blemore/face_aligned/A412_mix_ang_disg_70_30_ver2,[ 0. 70. 30.  0.  0.  0.],[0.007082   0.18180656 0.23109214 0.20373172 0.21655391 0.15973368]
284,/home/ts1349/datasets/blemore/face_aligned/A412_mix_ang_fea_30_70_ver1,[ 0. 30.  0. 70.  0.  0.],[0.00877235 0.17312627 0.2470811  0.18882415 0.2213718  0.1608243 ]
285,/home/ts1349/datasets/blemore/face_aligned/A412_mix_ang_fea_30_70_ver2,[ 0. 30.  0. 70.  0.  0.],[0.00996608 0.16690713 0.2438843  0.19225392 0.22420858 0.16278   ]
286,/home/ts1349/datasets/blemore/face_aligned/A412_mix_ang_fea_30_70_ver3,[ 0. 30.  0. 70.  0.  0.],[0.00686422 0.18373029 0.22428668 0.20608908 0.20486942 0.17416036]
287,/home/ts1349/datasets/blemore/face_aligned/A412_mix_ang_fea_50_50_ver1,[ 0. 50.  0. 50.  0.  0.],[0.00657843 0.17903943 0.22866851 0.20423827 0.20360926 0.17786607]
288,/home/ts1349/datasets/blemore/face_aligned/A412_mix_ang_fea_50_50_ver2,[ 0. 50.  0. 50.  0.  0.],[0.00825277 0.1685147  0.2532806  0.19807935 0.21854421 0.15332837]
289,/home/ts1349/datasets/blemore/face_aligned/A412_mix_ang_fea_50_50_ver3,[ 0. 50.  0. 50.  0.  0.],[0.00866337 0.18136232 0.24969172 0.18248555 0.21106651 0.1667305 ]
290,/home/ts1349/datasets/blemore/face_aligned/A412_mix_ang_fea_70_30_ver1,[ 0. 70.  0. 30.  0.  0.],[0.00759589 0.17936051 0.26805383 0.1809297  0.20161174 0.16244832]
291,/home/ts1349/datasets/blemore/face_aligned/A412_mix_ang_fea_70_30_ver2,[ 0. 70.  0. 30.  0.  0.],[0.00736144 0.18102099 0.24566874 0.18878606 0.22039603 0.15676677]
292,/home/ts1349/datasets/blemore/face_aligned/A412_mix_ang_fea_70_30_ver3,[ 0. 70.  0. 30.  0.  0.],[0.007767   0.1772182  0.24625283 0.19795829 0.21117906 0.1596246 ]
293,/home/ts1349/datasets/blemore/face_aligned/A412_mix_ang_hap_30_70_ver1,[ 0. 30.  0.  0. 70.  0.],[0.00757522 0.20932949 0.19306672 0.1800654  0.25890675 0.15105644]
294,/home/ts1349/datasets/blemore/face_aligned/A412_mix_ang_hap_30_70_ver2,[ 0. 30.  0.  0. 70.  0.],[0.00796891 0.18238243 0.23103876 0.17619848 0.2377957  0.16461572]
295,/home/ts1349/datasets/blemore/face_aligned/A412_mix_ang_hap_30_70_ver3,[ 0. 30.  0.  0. 70.  0.],[0.00703629 0.18762669 0.22008942 0.1872237  0.23566353 0.16236039]
296,/home/ts1349/datasets/blemore/face_aligned/A412_mix_ang_hap_50_50_ver1,[ 0. 50.  0.  0. 50.  0.],[0.00694292 0.17920879 0.21823101 0.17855069 0.24834579 0.16872081]
297,/home/ts1349/datasets/blemore/face_aligned/A412_mix_ang_hap_50_50_ver2,[ 0. 50.  0.  0. 50.  0.],[0.00787591 0.16528457 0.25051183 0.1936337  0.2264936  0.15620041]
298,/home/ts1349/datasets/blemore/face_aligned/A412_mix_ang_hap_50_50_ver3,[ 0. 50.  0.  0. 50.  0.],[0.00783513 0.1799488  0.23251241 0.17639029 0.24189731 0.16141605]
299,/home/ts1349/datasets/blemore/face_aligned/A412_mix_ang_hap_70_30_ver1,[ 0. 70.  0.  0. 30.  0.],[0.00648293 0.17632793 0.2218202  0.21666022 0.22611327 0.15259545]
300,/home/ts1349/datasets/blemore/face_aligned/A412_mix_ang_hap_70_30_ver2,[ 0. 70.  0.  0. 30.  0.],[0.00694498 0.18247774 0.23987076 0.20245485 0.21080464 0.15744698]
301,/home/ts1349/datasets/blemore/face_aligned/A412_mix_ang_hap_70_30_ver3,[ 0. 70.  0.  0. 30.  0.],[0.00688676 0.18314388 0.22068658 0.1883681  0.23496369 0.16595098]
302,/home/ts1349/datasets/blemore/face_aligned/A412_mix_ang_hap_70_30_ver4,[ 0. 70.  0.  0. 30.  0.],[0.00693188 0.14933285 0.25553998 0.1965398  0.23228085 0.15937462]
303,/home/ts1349/datasets/blemore/face_aligned/A412_mix_ang_sad_30_70_ver1,[ 0. 30.  0.  0.  0. 70.],[0.00701908 0.18043035 0.22303708 0.18590567 0.24580699 0.15780082]
304,/home/ts1349/datasets/blemore/face_aligned/A412_mix_ang_sad_30_70_ver2,[ 0. 30.  0.  0.  0. 70.],[0.00764361 0.1685167  0.2399301  0.18227524 0.2363325  0.16530186]
305,/home/ts1349/datasets/blemore/face_aligned/A412_mix_ang_sad_30_70_ver3,[ 0. 30.  0.  0.  0. 70.],[0.00696261 0.17756316 0.25152573 0.17629074 0.21667941 0.17097837]
306,/home/ts1349/datasets/blemore/face_aligned/A412_mix_ang_sad_50_50_ver1,[ 0. 50.  0.  0.  0. 50.],[0.0073398  0.16846517 0.23783255 0.19799158 0.21041864 0.17795224]
307,/home/ts1349/datasets/blemore/face_aligned/A412_mix_ang_sad_50_50_ver2,[ 0. 50.  0.  0.  0. 50.],[0.00577921 0.1675991  0.24940732 0.18387598 0.21397299 0.1793654 ]
308,/home/ts1349/datasets/blemore/face_aligned/A412_mix_ang_sad_50_50_ver3,[ 0. 50.  0.  0.  0. 50.],[0.00799184 0.17510968 0.2622861  0.17483783 0.21171609 0.16805847]
309,/home/ts1349/datasets/blemore/face_aligned/A412_mix_ang_sad_70_30_ver1,[ 0. 70.  0.  0.  0. 30.],[0.00760618 0.19214714 0.22430392 0.19382736 0.22012448 0.16199093]
310,/home/ts1349/datasets/blemore/face_aligned/A412_mix_ang_sad_70_30_ver2,[ 0. 70.  0.  0.  0. 30.],[0.00707496 0.1683292  0.25019526 0.19882067 0.20954025 0.16603968]
311,/home/ts1349/datasets/blemore/face_aligned/A412_mix_disg_fea_30_70_ver1,[ 0.  0. 30. 70.  0.  0.],[0.00574332 0.18468574 0.23114194 0.20504212 0.21247447 0.16091241]
312,/home/ts1349/datasets/blemore/face_aligned/A412_mix_disg_fea_30_70_ver2,[ 0.  0. 30. 70.  0.  0.],[0.00630574 0.17799556 0.22132751 0.19768447 0.22631761 0.17036909]
313,/home/ts1349/datasets/blemore/face_aligned/A412_mix_disg_fea_30_70_ver3,[ 0.  0. 30. 70.  0.  0.],[0.00896801 0.17267273 0.24722916 0.18134746 0.21944125 0.1703414 ]
314,/home/ts1349/datasets/blemore/face_aligned/A412_mix_disg_fea_70_30_ver1,[ 0.  0. 70. 30.  0.  0.],[0.00659306 0.18643197 0.22721592 0.189381   0.22675496 0.1636231 ]
315,/home/ts1349/datasets/blemore/face_aligned/A412_mix_disg_fea_70_30_ver2,[ 0.  0. 70. 30.  0.  0.],[0.0073889  0.16915569 0.23408276 0.1972772  0.24371825 0.14837717]
316,/home/ts1349/datasets/blemore/face_aligned/A412_mix_disg_fea_70_30_ver3,[ 0.  0. 70. 30.  0.  0.],[0.00822094 0.17818326 0.21512634 0.2000891  0.25767276 0.14070763]
317,/home/ts1349/datasets/blemore/face_aligned/A26_mix_ang_disg_30_70_ver1,[ 0. 30. 70.  0.  0.  0.],[0.00723983 0.16277982 0.2324346  0.21767925 0.18988238 0.18998411]
318,/home/ts1349/datasets/blemore/face_aligned/A26_mix_ang_disg_50_50_ver1,[ 0. 50. 50.  0.  0.  0.],[0.0063621  0.17409351 0.21872997 0.22072458 0.18980733 0.19028252]
319,/home/ts1349/datasets/blemore/face_aligned/A26_mix_ang_disg_70_30_ver1,[ 0. 70. 30.  0.  0.  0.],[0.00675576 0.16365808 0.23170325 0.214369   0.19490409 0.18860982]
320,/home/ts1349/datasets/blemore/face_aligned/A26_mix_disg_fea_30_70_ver1,[ 0.  0. 30. 70.  0.  0.],[0.00709552 0.17018408 0.22593352 0.20894153 0.19193988 0.19590548]
321,/home/ts1349/datasets/blemore/face_aligned/A26_mix_disg_fea_50_50_ver1,[ 0.  0. 50. 50.  0.  0.],[0.00707112 0.16335909 0.22443649 0.21368465 0.20800538 0.18344325]
322,/home/ts1349/datasets/blemore/face_aligned/A26_mix_disg_fea_70_30_ver1,[ 0.  0. 70. 30.  0.  0.],[0.00643372 0.16296923 0.22637591 0.20725745 0.20412703 0.19283666]
323,/home/ts1349/datasets/blemore/face_aligned/A26_mix_disg_hap_30_70_ver1,[ 0.  0. 30.  0. 70.  0.],[0.00623022 0.17935087 0.21230522 0.21219522 0.20151189 0.18840656]
324,/home/ts1349/datasets/blemore/face_aligned/A26_mix_disg_hap_50_50_ver1,[ 0.  0. 50.  0. 50.  0.],[0.00621948 0.17448016 0.21601927 0.20381439 0.20358744 0.19587927]
325,/home/ts1349/datasets/blemore/face_aligned/A26_mix_disg_hap_70_30_ver1,[ 0.  0. 70.  0. 30.  0.],[0.00579021 0.17357296 0.22165006 0.21228057 0.19991907 0.18678711]
326,/home/ts1349/datasets/blemore/face_aligned/A26_mix_disg_sad_30_70_ver1,[ 0.  0. 30.  0.  0. 70.],[0.00631139 0.17017807 0.23776391 0.20867606 0.18690428 0.1901663 ]
327,/home/ts1349/datasets/blemore/face_aligned/A26_mix_disg_sad_50_50_ver1,[ 0.  0. 50.  0.  0. 50.],[0.0066043  0.17449039 0.23045452 0.2158448  0.18367639 0.18892956]
328,/home/ts1349/datasets/blemore/face_aligned/A26_mix_disg_sad_70_30_ver1,[ 0.  0. 70.  0.  0. 30.],[0.00731342 0.16964804 0.2231245  0.2135536  0.1986895  0.18767086]
329,/home/ts1349/datasets/blemore/face_aligned/A74_mix_ang_disg_30_70_ver1,[ 0. 30. 70.  0.  0.  0.],[0.00698469 0.17568047 0.22700281 0.21338555 0.23818016 0.13876629]
330,/home/ts1349/datasets/blemore/face_aligned/A74_mix_ang_disg_50_50_ver1,[ 0. 50. 50.  0.  0.  0.],[0.00539866 0.19393444 0.20701924 0.21187411 0.2080439  0.17372966]
331,/home/ts1349/datasets/blemore/face_aligned/A74_mix_ang_disg_70_30_ver1,[ 0. 70. 30.  0.  0.  0.],[0.00686549 0.17706318 0.22280806 0.20115764 0.23624308 0.15586253]
332,/home/ts1349/datasets/blemore/face_aligned/A74_mix_disg_fea_30_70_ver1,[ 0.  0. 30. 70.  0.  0.],[0.00528588 0.18072918 0.21143222 0.21735352 0.24794911 0.13725005]
333,/home/ts1349/datasets/blemore/face_aligned/A74_mix_disg_fea_50_50_ver1,[ 0.  0. 50. 50.  0.  0.],[0.00736959 0.16685656 0.24221753 0.20831963 0.25206938 0.12316731]
334,/home/ts1349/datasets/blemore/face_aligned/A74_mix_disg_fea_70_30_ver1,[ 0.  0. 70. 30.  0.  0.],[0.00678098 0.15052027 0.22155313 0.23713174 0.23829275 0.14572111]
335,/home/ts1349/datasets/blemore/face_aligned/A74_mix_disg_hap_30_70_ver1,[ 0.  0. 30.  0. 70.  0.],[0.00638747 0.1457535  0.23429026 0.24991524 0.20879975 0.1548538 ]
336,/home/ts1349/datasets/blemore/face_aligned/A74_mix_disg_hap_50_50_ver1,[ 0.  0. 50.  0. 50.  0.],[0.00786483 0.20030946 0.21098925 0.20241317 0.2691952  0.1092281 ]
337,/home/ts1349/datasets/blemore/face_aligned/A74_mix_disg_hap_70_30_ver1,[ 0.  0. 70.  0. 30.  0.],[0.00683317 0.17035738 0.19998641 0.23151997 0.25552952 0.1357735 ]
338,/home/ts1349/datasets/blemore/face_aligned/A74_mix_disg_sad_30_70_ver1,[ 0.  0. 30.  0.  0. 70.],[0.00574089 0.17404945 0.21650499 0.22986281 0.24596307 0.12787881]
339,/home/ts1349/datasets/blemore/face_aligned/A74_mix_disg_sad_50_50_ver1,[ 0.  0. 50.  0.  0. 50.],[0.00746584 0.16228548 0.21300188 0.22794877 0.2434086  0.14588942]
340,/home/ts1349/datasets/blemore/face_aligned/A74_mix_disg_sad_70_30_ver1,[ 0.  0. 70.  0.  0. 30.],[0.00668553 0.15683651 0.21301833 0.23473388 0.2440488  0.14467694]
341,/home/ts1349/datasets/blemore/face_aligned/A200_mix_ang_disg_30_70_ver1,[ 0. 30. 70.  0.  0.  0.],[0.00609555 0.15340753 0.26339722 0.1919752  0.22046061 0.16466387]
342,/home/ts1349/datasets/blemore/face_aligned/A200_mix_ang_disg_50_50_ver1,[ 0. 50. 50.  0.  0.  0.],[0.0067238  0.15445057 0.25669748 0.19948354 0.21825819 0.16438645]
343,/home/ts1349/datasets/blemore/face_aligned/A200_mix_ang_disg_70_30_ver1,[ 0. 70. 30.  0.  0.  0.],[0.0066905  0.17305574 0.25603545 0.19435918 0.21779913 0.15206   ]
344,/home/ts1349/datasets/blemore/face_aligned/A200_mix_ang_fea_30_70_ver1,[ 0. 30.  0. 70.  0.  0.],[0.00716767 0.18181415 0.25202996 0.19039577 0.20945783 0.15913463]
345,/home/ts1349/datasets/blemore/face_aligned/A200_mix_ang_fea_50_50_ver1,[ 0. 50.  0. 50.  0.  0.],[0.00720541 0.16434069 0.26994354 0.18676466 0.20565549 0.16609025]
346,/home/ts1349/datasets/blemore/face_aligned/A200_mix_ang_fea_70_30_ver1,[ 0. 70.  0. 30.  0.  0.],[0.00709794 0.16476816 0.23215969 0.21306755 0.2100822  0.17282446]
347,/home/ts1349/datasets/blemore/face_aligned/A200_mix_ang_hap_30_70_ver1,[ 0. 30.  0.  0. 70.  0.],[0.00569648 0.18558954 0.17745115 0.22008646 0.22950289 0.18167344]
348,/home/ts1349/datasets/blemore/face_aligned/A200_mix_ang_hap_50_50_ver1,[ 0. 50.  0.  0. 50.  0.],[0.00567861 0.17466226 0.16552056 0.23466982 0.2251799  0.19428883]
349,/home/ts1349/datasets/blemore/face_aligned/A200_mix_ang_hap_70_30_ver1,[ 0. 70.  0.  0. 30.  0.],[0.00641069 0.17320222 0.1804353  0.23889747 0.23945451 0.16159981]
350,/home/ts1349/datasets/blemore/face_aligned/A200_mix_ang_sad_30_70_ver1,[ 0. 30.  0.  0.  0. 70.],[0.00719887 0.16505232 0.24531366 0.1915863  0.2157266  0.17512228]
351,/home/ts1349/datasets/blemore/face_aligned/A200_mix_ang_sad_50_50_ver1,[ 0. 50.  0.  0.  0. 50.],[0.00624293 0.18236056 0.2513772  0.21146151 0.20033722 0.14822061]
352,/home/ts1349/datasets/blemore/face_aligned/A200_mix_ang_sad_70_30_ver1,[ 0. 70.  0.  0.  0. 30.],[0.00697031 0.16903034 0.24145442 0.20542419 0.21319017 0.16393057]
353,/home/ts1349/datasets/blemore/face_aligned/A200_mix_disg_fea_30_70_ver1,[ 0.  0. 30. 70.  0.  0.],[0.00632409 0.17344904 0.2096074  0.19684598 0.21036282 0.20341066]
354,/home/ts1349/datasets/blemore/face_aligned/A200_mix_disg_fea_50_50_ver1,[ 0.  0. 50. 50.  0.  0.],[0.00656527 0.15637524 0.21817528 0.20292832 0.22617874 0.18977717]
355,/home/ts1349/datasets/blemore/face_aligned/A200_mix_disg_fea_70_30_ver1,[ 0.  0. 70. 30.  0.  0.],[0.00699963 0.16357693 0.19657844 0.19971296 0.22595474 0.2071773 ]
356,/home/ts1349/datasets/blemore/face_aligned/A200_mix_disg_hap_30_70_ver1,[ 0.  0. 30.  0. 70.  0.],[0.00658648 0.1527257  0.21847005 0.2096169  0.23052484 0.18207607]
357,/home/ts1349/datasets/blemore/face_aligned/A200_mix_disg_hap_50_50_ver1,[ 0.  0. 50.  0. 50.  0.],[0.00614375 0.17896721 0.22115594 0.18831585 0.2128512  0.19256605]
358,/home/ts1349/datasets/blemore/face_aligned/A200_mix_disg_hap_70_30_ver1,[ 0.  0. 70.  0. 30.  0.],[0.00606269 0.16383976 0.21378708 0.22188768 0.21418825 0.18023455]
359,/home/ts1349/datasets/blemore/face_aligned/A200_mix_disg_sad_30_70_ver1,[ 0.  0. 30.  0.  0. 70.],[0.00663419 0.17224073 0.21088198 0.20279762 0.2241622  0.18328327]
360,/home/ts1349/datasets/blemore/face_aligned/A200_mix_disg_sad_50_50_ver1,[ 0.  0. 50.  0.  0. 50.],[0.00640982 0.15461132 0.22041042 0.21177018 0.23575997 0.17103833]
361,/home/ts1349/datasets/blemore/face_aligned/A200_mix_disg_sad_70_30_ver1,[ 0.  0. 70.  0.  0. 30.],[0.00703658 0.15162134 0.22621378 0.20973876 0.21340132 0.19198826]
362,/home/ts1349/datasets/blemore/face_aligned/A200_mix_fea_hap_30_70_ver1,[ 0.  0.  0. 30. 70.  0.],[0.00613706 0.17294633 0.18605173 0.2043983  0.22584468 0.20462187]
363,/home/ts1349/datasets/blemore/face_aligned/A200_mix_fea_hap_50_50_ver1,[ 0.  0.  0. 50. 50.  0.],[0.00616334 0.16690856 0.18319163 0.21810783 0.22791019 0.19771844]
364,/home/ts1349/datasets/blemore/face_aligned/A200_mix_fea_hap_70_30_ver1,[ 0.  0.  0. 70. 30.  0.],[0.00660471 0.16685897 0.1925349  0.21548797 0.21737066 0.2011428 ]
365,/home/ts1349/datasets/blemore/face_aligned/A200_mix_fea_sad_30_70_ver1,[ 0.  0.  0. 30.  0. 70.],[0.00628849 0.16894811 0.21669771 0.21693832 0.21071252 0.18041487]
366,/home/ts1349/datasets/blemore/face_aligned/A200_mix_fea_sad_50_50_ver1,[ 0.  0.  0. 50.  0. 50.],[0.00687568 0.15752631 0.2247526  0.22969988 0.21087676 0.17026876]
367,/home/ts1349/datasets/blemore/face_aligned/A200_mix_fea_sad_70_30_ver1,[ 0.  0.  0. 70.  0. 30.],[0.00649952 0.19204351 0.2071421  0.20310989 0.2160207  0.17518431]
368,/home/ts1349/datasets/blemore/face_aligned/A200_mix_hap_sad_30_70_ver1,[ 0.  0.  0.  0. 30. 70.],[0.0065385  0.16445331 0.22433479 0.20545447 0.221708   0.17751093]
369,/home/ts1349/datasets/blemore/face_aligned/A200_mix_hap_sad_50_50_ver1,[ 0.  0.  0.  0. 50. 50.],[0.00558107 0.17335586 0.1971919  0.20739798 0.22376315 0.19271004]
370,/home/ts1349/datasets/blemore/face_aligned/A200_mix_hap_sad_70_30_ver1,[ 0.  0.  0.  0. 70. 30.],[0.00599731 0.17436123 0.20418684 0.19629228 0.22957288 0.18958946]
371,/home/ts1349/datasets/blemore/face_aligned/A303_mix_ang_disg_30_70_ver1,[ 0. 30. 70.  0.  0.  0.],[0.00750476 0.1452271  0.21922714 0.19774356 0.260272   0.17002545]
372,/home/ts1349/datasets/blemore/face_aligned/A303_mix_ang_disg_50_50_ver1,[ 0. 50. 50.  0.  0.  0.],[0.00769984 0.146379   0.21102498 0.20672171 0.24710926 0.1810652 ]
373,/home/ts1349/datasets/blemore/face_aligned/A303_mix_ang_disg_70_30_ver1,[ 0. 70. 30.  0.  0.  0.],[0.00732011 0.16116036 0.21484448 0.192832   0.23862064 0.18522245]
374,/home/ts1349/datasets/blemore/face_aligned/A303_mix_ang_fea_30_70_ver1,[ 0. 30.  0. 70.  0.  0.],[0.00785752 0.15569425 0.17875141 0.2383251  0.28610376 0.13326795]
375,/home/ts1349/datasets/blemore/face_aligned/A303_mix_ang_fea_50_50_ver1,[ 0. 50.  0. 50.  0.  0.],[0.00756579 0.14373602 0.18163341 0.24016145 0.27333933 0.15356402]
376,/home/ts1349/datasets/blemore/face_aligned/A303_mix_ang_fea_70_30_ver1,[ 0. 70.  0. 30.  0.  0.],[0.0072506  0.14796017 0.19042216 0.22856793 0.2651282  0.16067094]
377,/home/ts1349/datasets/blemore/face_aligned/A303_mix_ang_hap_30_70_ver1,[ 0. 30.  0.  0. 70.  0.],[0.00867638 0.17427883 0.17866625 0.2286675  0.28993168 0.11977934]
378,/home/ts1349/datasets/blemore/face_aligned/A303_mix_ang_hap_50_50_ver1,[ 0. 50.  0.  0. 50.  0.],[0.00743166 0.1730014  0.2023396  0.21766347 0.25002497 0.14953892]
379,/home/ts1349/datasets/blemore/face_aligned/A303_mix_ang_hap_70_30_ver1,[ 0. 70.  0.  0. 30.  0.],[0.00668535 0.18175551 0.19907965 0.21076089 0.24415156 0.15756702]
380,/home/ts1349/datasets/blemore/face_aligned/A303_mix_ang_sad_30_70_ver1,[ 0. 30.  0.  0.  0. 70.],[0.00766764 0.15032446 0.21096614 0.21318467 0.24607329 0.17178378]
381,/home/ts1349/datasets/blemore/face_aligned/A303_mix_ang_sad_50_50_ver1,[ 0. 50.  0.  0.  0. 50.],[0.00774824 0.16511919 0.19274428 0.22620745 0.25679988 0.151381  ]
382,/home/ts1349/datasets/blemore/face_aligned/A303_mix_ang_sad_70_30_ver1,[ 0. 70.  0.  0.  0. 30.],[0.00745959 0.17269813 0.2022028  0.20258555 0.26106757 0.15398636]
383,/home/ts1349/datasets/blemore/face_aligned/A303_mix_disg_fea_30_70_ver1,[ 0.  0. 30. 70.  0.  0.],[0.00873862 0.16353177 0.20701198 0.19903556 0.2735123  0.14816973]
384,/home/ts1349/datasets/blemore/face_aligned/A303_mix_disg_fea_50_50_ver1,[ 0.  0. 50. 50.  0.  0.],[0.00673031 0.15682772 0.22083938 0.22729406 0.26046374 0.12784475]
385,/home/ts1349/datasets/blemore/face_aligned/A303_mix_disg_fea_70_30_ver1,[ 0.  0. 70. 30.  0.  0.],[0.00820043 0.16586626 0.2130532  0.19944306 0.26219854 0.15123853]
386,/home/ts1349/datasets/blemore/face_aligned/A303_mix_disg_hap_30_70_ver1,[ 0.  0. 30.  0. 70.  0.],[0.00587452 0.16700412 0.1964666  0.22886619 0.26478922 0.13699938]
387,/home/ts1349/datasets/blemore/face_aligned/A303_mix_disg_hap_50_50_ver1,[ 0.  0. 50.  0. 50.  0.],[0.00764732 0.17351684 0.19776553 0.20115381 0.25814474 0.16177177]
388,/home/ts1349/datasets/blemore/face_aligned/A303_mix_disg_hap_70_30_ver1,[ 0.  0. 70.  0. 30.  0.],[0.00821264 0.17576058 0.20183812 0.2056449  0.25129175 0.15725198]
389,/home/ts1349/datasets/blemore/face_aligned/A303_mix_disg_sad_30_70_ver1,[ 0.  0. 30.  0.  0. 70.],[0.00737249 0.15857859 0.22253728 0.19024886 0.26322427 0.1580385 ]
390,/home/ts1349/datasets/blemore/face_aligned/A303_mix_disg_sad_50_50_ver1,[ 0.  0. 50.  0.  0. 50.],[0.00761271 0.14912507 0.21954325 0.20617245 0.23943594 0.17811054]
391,/home/ts1349/datasets/blemore/face_aligned/A303_mix_disg_sad_70_30_ver1,[ 0.  0. 70.  0.  0. 30.],[0.0063145  0.16693313 0.23900872 0.20440206 0.23733163 0.14600998]
392,/home/ts1349/datasets/blemore/face_aligned/A303_mix_fea_hap_30_70_ver1,[ 0.  0.  0. 30. 70.  0.],[0.00787704 0.14194356 0.22598949 0.1851923  0.27056178 0.16843581]
393,/home/ts1349/datasets/blemore/face_aligned/A303_mix_fea_hap_50_50_ver1,[ 0.  0.  0. 50. 50.  0.],[0.00948908 0.15951496 0.19818011 0.19574091 0.28671882 0.15035616]
394,/home/ts1349/datasets/blemore/face_aligned/A303_mix_fea_hap_70_30_ver1,[ 0.  0.  0. 70. 30.  0.],[0.00867993 0.17852929 0.18674046 0.19732434 0.28804278 0.14068325]
395,/home/ts1349/datasets/blemore/face_aligned/A303_mix_fea_sad_30_70_ver1,[ 0.  0.  0. 30.  0. 70.],[0.00749809 0.14518373 0.22038081 0.20618117 0.24767616 0.17308003]
396,/home/ts1349/datasets/blemore/face_aligned/A303_mix_fea_sad_50_50_ver1,[ 0.  0.  0. 50.  0. 50.],[0.00794069 0.14852436 0.19968553 0.2349652  0.26758158 0.14130263]
397,/home/ts1349/datasets/blemore/face_aligned/A303_mix_fea_sad_70_30_ver1,[ 0.  0.  0. 70.  0. 30.],[0.00742808 0.15263525 0.19394669 0.22948575 0.26732522 0.14917901]
398,/home/ts1349/datasets/blemore/face_aligned/A303_mix_hap_sad_30_70_ver1,[ 0.  0.  0.  0. 30. 70.],[0.00780359 0.16675794 0.1982906  0.19428208 0.25612372 0.17674203]
399,/home/ts1349/datasets/blemore/face_aligned/A303_mix_hap_sad_50_50_ver1,[ 0.  0.  0.  0. 50. 50.],[0.00837903 0.17508772 0.18408334 0.20211568 0.27853972 0.15179446]
400,/home/ts1349/datasets/blemore/face_aligned/A303_mix_hap_sad_70_30_ver1,[ 0.  0.  0.  0. 70. 30.],[0.007411   0.1826996  0.19691734 0.18269518 0.26359072 0.16668613]
401,/home/ts1349/datasets/blemore/face_aligned/A334_mix_ang_disg_30_70_ver1,[ 0. 30. 70.  0.  0.  0.],[0.00768493 0.1710045  0.2654032  0.16313127 0.27549788 0.1172782 ]
402,/home/ts1349/datasets/blemore/face_aligned/A334_mix_ang_disg_50_50_ver1,[ 0. 50. 50.  0.  0.  0.],[0.00743001 0.17230399 0.2267781  0.18972966 0.25404045 0.14971778]
403,/home/ts1349/datasets/blemore/face_aligned/A334_mix_ang_disg_70_30_ver1,[ 0. 70. 30.  0.  0.  0.],[0.0074233  0.15578301 0.2393799  0.1913318  0.25398237 0.15209964]
404,/home/ts1349/datasets/blemore/face_aligned/A334_mix_ang_fea_30_70_ver1,[ 0. 30.  0. 70.  0.  0.],[0.00798042 0.15137988 0.26146394 0.19724563 0.25916034 0.1227698 ]
405,/home/ts1349/datasets/blemore/face_aligned/A334_mix_ang_fea_50_50_ver1,[ 0. 50.  0. 50.  0.  0.],[0.00750153 0.16375294 0.2394038  0.1953918  0.28249943 0.11145051]
406,/home/ts1349/datasets/blemore/face_aligned/A334_mix_ang_fea_70_30_ver1,[ 0. 70.  0. 30.  0.  0.],[0.00849527 0.17716812 0.24745667 0.17656924 0.26179564 0.1285151 ]
407,/home/ts1349/datasets/blemore/face_aligned/A334_mix_ang_hap_30_70_ver1,[ 0. 30.  0.  0. 70.  0.],[0.00671647 0.16858597 0.20024462 0.20092699 0.28805524 0.13547069]
408,/home/ts1349/datasets/blemore/face_aligned/A334_mix_ang_hap_50_50_ver1,[ 0. 50.  0.  0. 50.  0.],[0.00767234 0.16413036 0.22531515 0.19492625 0.27668568 0.13127017]
409,/home/ts1349/datasets/blemore/face_aligned/A334_mix_ang_hap_70_30_ver1,[ 0. 70.  0.  0. 30.  0.],[0.00807321 0.16796413 0.23837103 0.1860145  0.2671479  0.13242921]
410,/home/ts1349/datasets/blemore/face_aligned/A334_mix_ang_sad_30_70_ver1,[ 0. 30.  0.  0.  0. 70.],[0.00713269 0.16386506 0.21940424 0.19959277 0.27901417 0.13099107]
411,/home/ts1349/datasets/blemore/face_aligned/A334_mix_ang_sad_50_50_ver1,[ 0. 50.  0.  0.  0. 50.],[0.00716232 0.15931483 0.23038572 0.18450621 0.27184108 0.14678988]
412,/home/ts1349/datasets/blemore/face_aligned/A334_mix_ang_sad_70_30_ver1,[ 0. 70.  0.  0.  0. 30.],[0.00791749 0.16585237 0.26249892 0.17036904 0.2693756  0.12398662]
413,/home/ts1349/datasets/blemore/face_aligned/A334_mix_disg_fea_30_70_ver1,[ 0.  0. 30. 70.  0.  0.],[0.00734054 0.16695969 0.24723533 0.18262689 0.25516376 0.1406738 ]
414,/home/ts1349/datasets/blemore/face_aligned/A334_mix_disg_fea_50_50_ver1,[ 0.  0. 50. 50.  0.  0.],[0.00723178 0.1696817  0.25655243 0.1677268  0.26866683 0.13014044]
415,/home/ts1349/datasets/blemore/face_aligned/A334_mix_disg_fea_70_30_ver1,[ 0.  0. 70. 30.  0.  0.],[0.00701854 0.17858079 0.23748541 0.1832253  0.2722835  0.1214065 ]
416,/home/ts1349/datasets/blemore/face_aligned/A334_mix_disg_hap_30_70_ver1,[ 0.  0. 30.  0. 70.  0.],[0.00739734 0.17732887 0.19761084 0.19745684 0.2992068  0.12099931]
417,/home/ts1349/datasets/blemore/face_aligned/A334_mix_disg_hap_50_50_ver1,[ 0.  0. 50.  0. 50.  0.],[0.00767133 0.18632936 0.18995139 0.18142442 0.30519763 0.12942585]
418,/home/ts1349/datasets/blemore/face_aligned/A334_mix_disg_hap_70_30_ver1,[ 0.  0. 70.  0. 30.  0.],[0.00726152 0.16736954 0.21549821 0.19901268 0.27707788 0.13378015]
419,/home/ts1349/datasets/blemore/face_aligned/A334_mix_disg_sad_30_70_ver1,[ 0.  0. 30.  0.  0. 70.],[0.00661276 0.16992761 0.23494203 0.17824675 0.28050408 0.12976678]
420,/home/ts1349/datasets/blemore/face_aligned/A334_mix_disg_sad_50_50_ver1,[ 0.  0. 50.  0.  0. 50.],[0.00699568 0.16200389 0.2264809  0.19128093 0.2664821  0.14675646]
421,/home/ts1349/datasets/blemore/face_aligned/A334_mix_disg_sad_70_30_ver1,[ 0.  0. 70.  0.  0. 30.],[0.00649284 0.15088132 0.23593856 0.20192465 0.26435402 0.14040859]
422,/home/ts1349/datasets/blemore/face_aligned/A334_mix_fea_hap_30_70_ver1,[ 0.  0.  0. 30. 70.  0.],[0.0068129  0.1627711  0.21068351 0.19696288 0.2931006  0.129669  ]
423,/home/ts1349/datasets/blemore/face_aligned/A334_mix_fea_hap_50_50_ver1,[ 0.  0.  0. 50. 50.  0.],[0.00705474 0.16635476 0.21833636 0.19163448 0.2762687  0.140351  ]
424,/home/ts1349/datasets/blemore/face_aligned/A334_mix_fea_hap_70_30_ver1,[ 0.  0.  0. 70. 30.  0.],[0.0069251  0.16870716 0.22637032 0.1778378  0.28621843 0.13394116]
425,/home/ts1349/datasets/blemore/face_aligned/A334_mix_fea_sad_30_70_ver1,[ 0.  0.  0. 30.  0. 70.],[0.00762771 0.15876797 0.23411089 0.20447776 0.26135546 0.1336602 ]
426,/home/ts1349/datasets/blemore/face_aligned/A334_mix_fea_sad_50_50_ver1,[ 0.  0.  0. 50.  0. 50.],[0.00727856 0.15466554 0.22891073 0.20520203 0.25953782 0.14440532]
427,/home/ts1349/datasets/blemore/face_aligned/A334_mix_fea_sad_70_30_ver1,[ 0.  0.  0. 70.  0. 30.],[0.00711107 0.16582912 0.23623636 0.18705536 0.26598078 0.13778728]
428,/home/ts1349/datasets/blemore/face_aligned/A334_mix_hap_sad_30_70_ver1,[ 0.  0.  0.  0. 30. 70.],[0.0068953  0.17558058 0.18776718 0.20782606 0.28377646 0.13815439]
429,/home/ts1349/datasets/blemore/face_aligned/A334_mix_hap_sad_50_50_ver1,[ 0.  0.  0.  0. 50. 50.],[0.00652912 0.1651721  0.19814378 0.18959406 0.30075648 0.13980448]
430,/home/ts1349/datasets/blemore/face_aligned/A334_mix_hap_sad_70_30_ver1,[ 0.  0.  0.  0. 70. 30.],[0.00742921 0.16886395 0.20871648 0.1892781  0.2840671  0.14164518]
431,/home/ts1349/datasets/blemore/face_aligned/A405_mix_ang_disg_30_70_ver1,[ 0. 30. 70.  0.  0.  0.],[0.00748133 0.17592476 0.17690079 0.25022823 0.2209236  0.16854133]
432,/home/ts1349/datasets/blemore/face_aligned/A405_mix_ang_disg_50_50_ver1,[ 0. 50. 50.  0.  0.  0.],[0.007539   0.18774576 0.20427133 0.2038175  0.22405098 0.17257538]
433,/home/ts1349/datasets/blemore/face_aligned/A405_mix_ang_disg_70_30_ver1,[ 0. 70. 30.  0.  0.  0.],[0.00496456 0.19590859 0.21080613 0.22408083 0.21125571 0.1529842 ]
434,/home/ts1349/datasets/blemore/face_aligned/A405_mix_ang_fea_30_70_ver1,[ 0. 30.  0. 70.  0.  0.],[0.00870982 0.18669608 0.18479177 0.27564034 0.2133902  0.13077176]
435,/home/ts1349/datasets/blemore/face_aligned/A405_mix_ang_fea_50_50_ver1,[ 0. 50.  0. 50.  0.  0.],[0.00673668 0.17485353 0.20065424 0.21854928 0.2260674  0.17313889]
436,/home/ts1349/datasets/blemore/face_aligned/A405_mix_ang_fea_70_30_ver1,[ 0. 70.  0. 30.  0.  0.],[0.00850604 0.18132675 0.1935786  0.24850437 0.21053804 0.1575462 ]
437,/home/ts1349/datasets/blemore/face_aligned/A405_mix_ang_hap_30_70_ver1,[ 0. 30.  0.  0. 70.  0.],[0.00569127 0.18021609 0.20669447 0.2500843  0.23455784 0.12275603]
438,/home/ts1349/datasets/blemore/face_aligned/A405_mix_ang_hap_50_50_ver1,[ 0. 50.  0.  0. 50.  0.],[0.00847302 0.19244847 0.19372109 0.22860372 0.23225197 0.14450173]
439,/home/ts1349/datasets/blemore/face_aligned/A405_mix_ang_hap_70_30_ver1,[ 0. 70.  0.  0. 30.  0.],[0.00682046 0.19088367 0.20445392 0.23487058 0.22826952 0.1347018 ]
440,/home/ts1349/datasets/blemore/face_aligned/A405_mix_ang_sad_30_70_ver1,[ 0. 30.  0.  0.  0. 70.],[0.00910686 0.18307933 0.19335294 0.25288984 0.2337975  0.12777352]
441,/home/ts1349/datasets/blemore/face_aligned/A405_mix_ang_sad_50_50_ver1,[ 0. 50.  0.  0.  0. 50.],[0.00861867 0.19194241 0.17432529 0.27297062 0.22673114 0.12541185]
442,/home/ts1349/datasets/blemore/face_aligned/A405_mix_ang_sad_70_30_ver1,[ 0. 70.  0.  0.  0. 30.],[0.00927353 0.18666166 0.1858238  0.24406688 0.2403487  0.13382544]
443,/home/ts1349/datasets/blemore/face_aligned/A405_mix_disg_fea_30_70_ver1,[ 0.  0. 30. 70.  0.  0.],[0.00793027 0.17971238 0.17464632 0.27809745 0.2273156  0.13229796]
444,/home/ts1349/datasets/blemore/face_aligned/A405_mix_disg_fea_50_50_ver1,[ 0.  0. 50. 50.  0.  0.],[0.0082242  0.18271333 0.18425825 0.24546602 0.23869622 0.14064199]
445,/home/ts1349/datasets/blemore/face_aligned/A405_mix_disg_fea_70_30_ver1,[ 0.  0. 70. 30.  0.  0.],[0.00699547 0.18106435 0.19834808 0.23398373 0.23420554 0.14540291]
446,/home/ts1349/datasets/blemore/face_aligned/A405_mix_disg_hap_30_70_ver1,[ 0.  0. 30.  0. 70.  0.],[0.0089872  0.18485102 0.16714329 0.24744114 0.24566637 0.14591096]
447,/home/ts1349/datasets/blemore/face_aligned/A405_mix_disg_hap_50_50_ver1,[ 0.  0. 50.  0. 50.  0.],[0.00836348 0.18398452 0.17155787 0.26606286 0.2302427  0.13978851]
448,/home/ts1349/datasets/blemore/face_aligned/A405_mix_disg_hap_70_30_ver1,[ 0.  0. 70.  0. 30.  0.],[0.00804317 0.19313493 0.16402993 0.2606901  0.22592929 0.14817262]
449,/home/ts1349/datasets/blemore/face_aligned/A405_mix_disg_sad_30_70_ver1,[ 0.  0. 30.  0.  0. 70.],[0.0073229  0.19063316 0.18261299 0.23864968 0.22685143 0.15392983]
450,/home/ts1349/datasets/blemore/face_aligned/A405_mix_disg_sad_50_50_ver1,[ 0.  0. 50.  0.  0. 50.],[0.00395787 0.16544497 0.2118515  0.27854615 0.23925135 0.10094812]
451,/home/ts1349/datasets/blemore/face_aligned/A405_mix_disg_sad_70_30_ver1,[ 0.  0. 70.  0.  0. 30.],[0.00574652 0.17372853 0.21481186 0.25628    0.2044388  0.14499432]
452,/home/ts1349/datasets/blemore/face_aligned/A405_mix_fea_hap_30_70_ver1,[ 0.  0.  0. 30. 70.  0.],[0.00631319 0.18329684 0.17772439 0.27737424 0.2266801  0.12861124]
453,/home/ts1349/datasets/blemore/face_aligned/A405_mix_fea_hap_50_50_ver1,[ 0.  0.  0. 50. 50.  0.],[0.0047608  0.17092828 0.19213466 0.28121164 0.22396255 0.12700205]
454,/home/ts1349/datasets/blemore/face_aligned/A405_mix_fea_hap_70_30_ver1,[ 0.  0.  0. 70. 30.  0.],[0.00848983 0.17554125 0.17923985 0.261137   0.21327531 0.16231672]
455,/home/ts1349/datasets/blemore/face_aligned/A405_mix_fea_sad_30_70_ver1,[ 0.  0.  0. 30.  0. 70.],[0.00664192 0.17509167 0.15826428 0.23854826 0.23929241 0.18216144]
456,/home/ts1349/datasets/blemore/face_aligned/A405_mix_fea_sad_50_50_ver1,[ 0.  0.  0. 50.  0. 50.],[0.00602268 0.17955545 0.16144475 0.2466025  0.22579071 0.18058386]
457,/home/ts1349/datasets/blemore/face_aligned/A405_mix_fea_sad_70_30_ver1,[ 0.  0.  0. 70.  0. 30.],[0.00421472 0.16458741 0.1841954  0.28566706 0.21235217 0.14898327]
458,/home/ts1349/datasets/blemore/face_aligned/A405_mix_hap_sad_30_70_ver1,[ 0.  0.  0.  0. 30. 70.],[0.00637767 0.17856063 0.16283843 0.2627901  0.23459955 0.1548336 ]
459,/home/ts1349/datasets/blemore/face_aligned/A405_mix_hap_sad_50_50_ver1,[ 0.  0.  0.  0. 50. 50.],[0.00722968 0.1974145  0.15532489 0.24706806 0.23575991 0.15720293]
460,/home/ts1349/datasets/blemore/face_aligned/A405_mix_hap_sad_70_30_ver1,[ 0.  0.  0.  0. 70. 30.],[0.00474391 0.17551225 0.21112916 0.26027027 0.22066888 0.12767547]
461,/home/ts1349/datasets/blemore/face_aligned/A411_mix_ang_disg_30_70_ver1,[ 0. 30. 70.  0.  0.  0.],[0.00456278 0.17462115 0.2103849  0.22220439 0.23124617 0.15698062]
462,/home/ts1349/datasets/blemore/face_aligned/A411_mix_ang_disg_50_50_ver1,[ 0. 50. 50.  0.  0.  0.],[0.0064055  0.16308597 0.21272668 0.23191638 0.20265135 0.18321408]
463,/home/ts1349/datasets/blemore/face_aligned/A411_mix_ang_disg_70_30_ver1,[ 0. 70. 30.  0.  0.  0.],[0.00701019 0.17254229 0.22185184 0.2207014  0.2084971  0.16939718]
464,/home/ts1349/datasets/blemore/face_aligned/A411_mix_ang_fea_30_70_ver1,[ 0. 30.  0. 70.  0.  0.],[0.00606185 0.17785846 0.2377263  0.2158533  0.21470302 0.14779706]
465,/home/ts1349/datasets/blemore/face_aligned/A411_mix_ang_fea_50_50_ver1,[ 0. 50.  0. 50.  0.  0.],[0.00681833 0.18714614 0.19602688 0.2538301  0.1848746  0.17130391]
466,/home/ts1349/datasets/blemore/face_aligned/A411_mix_ang_fea_70_30_ver1,[ 0. 70.  0. 30.  0.  0.],[0.00780673 0.20251675 0.21927051 0.21851522 0.20144722 0.15044352]
467,/home/ts1349/datasets/blemore/face_aligned/A411_mix_ang_hap_30_70_ver1,[ 0. 30.  0.  0. 70.  0.],[0.00631667 0.17237917 0.17678744 0.25159103 0.21361579 0.17930987]
468,/home/ts1349/datasets/blemore/face_aligned/A411_mix_ang_hap_50_50_ver1,[ 0. 50.  0.  0. 50.  0.],[0.00626658 0.1775455  0.18543607 0.23560156 0.20407929 0.19107099]
469,/home/ts1349/datasets/blemore/face_aligned/A411_mix_ang_hap_70_30_ver1,[ 0. 70.  0.  0. 30.  0.],[0.00693824 0.17587623 0.2314175  0.22493848 0.18374209 0.17708746]
470,/home/ts1349/datasets/blemore/face_aligned/A411_mix_ang_sad_30_70_ver1,[ 0. 30.  0.  0.  0. 70.],[0.00463838 0.19203003 0.23938623 0.22193782 0.21027455 0.13173296]
471,/home/ts1349/datasets/blemore/face_aligned/A411_mix_ang_sad_50_50_ver1,[ 0. 50.  0.  0.  0. 50.],[0.00450689 0.16575551 0.21505073 0.24772678 0.19718452 0.16977555]
472,/home/ts1349/datasets/blemore/face_aligned/A411_mix_ang_sad_70_30_ver1,[ 0. 70.  0.  0.  0. 30.],[0.00583147 0.1875888  0.22223203 0.19264607 0.21433698 0.17736468]
473,/home/ts1349/datasets/blemore/face_aligned/A411_mix_disg_fea_30_70_ver1,[ 0.  0. 30. 70.  0.  0.],[0.00733145 0.21215251 0.21214023 0.2131828  0.20820251 0.14699045]
474,/home/ts1349/datasets/blemore/face_aligned/A411_mix_disg_fea_50_50_ver1,[ 0.  0. 50. 50.  0.  0.],[0.0078976  0.1924637  0.22554913 0.21252869 0.21944657 0.14211431]
475,/home/ts1349/datasets/blemore/face_aligned/A411_mix_disg_fea_70_30_ver1,[ 0.  0. 70. 30.  0.  0.],[0.00724382 0.17558703 0.23105867 0.22703682 0.19333161 0.16574204]
476,/home/ts1349/datasets/blemore/face_aligned/A411_mix_disg_hap_30_70_ver1,[ 0.  0. 30.  0. 70.  0.],[0.00670011 0.18356128 0.18085499 0.2302492  0.22503875 0.17359564]
477,/home/ts1349/datasets/blemore/face_aligned/A411_mix_disg_hap_50_50_ver1,[ 0.  0. 50.  0. 50.  0.],[0.00718155 0.18056478 0.18546319 0.23484518 0.24143635 0.150509  ]
478,/home/ts1349/datasets/blemore/face_aligned/A411_mix_disg_hap_70_30_ver1,[ 0.  0. 70.  0. 30.  0.],[0.00723097 0.18018542 0.19197856 0.25583655 0.23130246 0.133466  ]
479,/home/ts1349/datasets/blemore/face_aligned/A411_mix_disg_sad_30_70_ver1,[ 0.  0. 30.  0.  0. 70.],[0.00677464 0.15929043 0.19058514 0.24864943 0.21848428 0.17621608]
480,/home/ts1349/datasets/blemore/face_aligned/A411_mix_disg_sad_50_50_ver1,[ 0.  0. 50.  0.  0. 50.],[0.00664316 0.15990731 0.22343683 0.21213828 0.19376636 0.20410807]
481,/home/ts1349/datasets/blemore/face_aligned/A411_mix_disg_sad_70_30_ver1,[ 0.  0. 70.  0.  0. 30.],[0.00707327 0.16478714 0.20733899 0.21578282 0.21490218 0.19011562]
482,/home/ts1349/datasets/blemore/face_aligned/A411_mix_fea_hap_30_70_ver1,[ 0.  0.  0. 30. 70.  0.],[0.00727053 0.18276681 0.19555096 0.2296704  0.23596697 0.14877427]
483,/home/ts1349/datasets/blemore/face_aligned/A411_mix_fea_hap_50_50_ver1,[ 0.  0.  0. 50. 50.  0.],[0.00690238 0.19341373 0.20436546 0.19814909 0.2527858  0.14438356]
484,/home/ts1349/datasets/blemore/face_aligned/A411_mix_fea_hap_70_30_ver1,[ 0.  0.  0. 70. 30.  0.],[0.00623053 0.1820494  0.24021018 0.22561653 0.19089    0.15500341]
485,/home/ts1349/datasets/blemore/face_aligned/A411_mix_fea_sad_30_70_ver1,[ 0.  0.  0. 30.  0. 70.],[0.00555683 0.17950451 0.22860427 0.18553959 0.21390875 0.18688606]
486,/home/ts1349/datasets/blemore/face_aligned/A411_mix_fea_sad_50_50_ver1,[ 0.  0.  0. 50.  0. 50.],[0.00630774 0.1619444  0.187647   0.24334109 0.23054008 0.17021969]
487,/home/ts1349/datasets/blemore/face_aligned/A411_mix_fea_sad_70_30_ver1,[ 0.  0.  0. 70.  0. 30.],[0.00643468 0.1638981  0.20810963 0.23887907 0.20110647 0.18157205]
488,/home/ts1349/datasets/blemore/face_aligned/A411_mix_hap_sad_30_70_ver1,[ 0.  0.  0.  0. 30. 70.],[0.00752788 0.16796151 0.22260389 0.21471141 0.21315932 0.174036  ]
489,/home/ts1349/datasets/blemore/face_aligned/A411_mix_hap_sad_50_50_ver1,[ 0.  0.  0.  0. 50. 50.],[0.00652495 0.19822124 0.196767   0.19735293 0.22551799 0.17561594]
490,/home/ts1349/datasets/blemore/face_aligned/A411_mix_hap_sad_70_30_ver1,[ 0.  0.  0.  0. 70. 30.],[0.00564668 0.17724255 0.18948519 0.21176276 0.23967427 0.17618856]
491,/home/ts1349/datasets/blemore/face_aligned/A427_mix_ang_disg_30_70_ver1,[ 0. 30. 70.  0.  0.  0.],[0.00500122 0.18065488 0.23022158 0.18703794 0.25750464 0.13957971]
492,/home/ts1349/datasets/blemore/face_aligned/A427_mix_ang_disg_50_50_ver1,[ 0. 50. 50.  0.  0.  0.],[0.00616903 0.17478065 0.22671576 0.18133576 0.24496077 0.16603802]
493,/home/ts1349/datasets/blemore/face_aligned/A427_mix_ang_disg_70_30_ver1,[ 0. 70. 30.  0.  0.  0.],[0.00634735 0.17539358 0.22623277 0.1836343  0.26646125 0.14193079]
494,/home/ts1349/datasets/blemore/face_aligned/A427_mix_ang_fea_30_70_ver1,[ 0. 30.  0. 70.  0.  0.],[0.00540188 0.16264787 0.22306369 0.1976565  0.24487811 0.16635197]
495,/home/ts1349/datasets/blemore/face_aligned/A427_mix_ang_fea_50_50_ver1,[ 0. 50.  0. 50.  0.  0.],[0.00749404 0.16186917 0.23262277 0.21590982 0.24078551 0.14131872]
496,/home/ts1349/datasets/blemore/face_aligned/A427_mix_ang_fea_70_30_ver1,[ 0. 70.  0. 30.  0.  0.],[0.00904294 0.17786613 0.22058988 0.20335434 0.2501029  0.13904384]
497,/home/ts1349/datasets/blemore/face_aligned/A427_mix_ang_hap_30_70_ver1,[ 0. 30.  0.  0. 70.  0.],[0.00528298 0.16865307 0.19283676 0.20141187 0.25821048 0.17360485]
498,/home/ts1349/datasets/blemore/face_aligned/A427_mix_ang_hap_50_50_ver1,[ 0. 50.  0.  0. 50.  0.],[0.00628727 0.15428865 0.24424148 0.19255133 0.20968409 0.19294718]
499,/home/ts1349/datasets/blemore/face_aligned/A427_mix_ang_hap_70_30_ver1,[ 0. 70.  0.  0. 30.  0.],[0.0074986  0.17140286 0.22898382 0.20796219 0.24220526 0.14194722]
500,/home/ts1349/datasets/blemore/face_aligned/A427_mix_ang_sad_30_70_ver1,[ 0. 30.  0.  0.  0. 70.],[0.00526092 0.17157428 0.2080739  0.19133078 0.2367701  0.18699005]
501,/home/ts1349/datasets/blemore/face_aligned/A427_mix_ang_sad_50_50_ver1,[ 0. 50.  0.  0.  0. 50.],[0.00566947 0.17390843 0.2166673  0.20808892 0.22124809 0.1744178 ]
502,/home/ts1349/datasets/blemore/face_aligned/A427_mix_ang_sad_70_30_ver1,[ 0. 70.  0.  0.  0. 30.],[0.00716481 0.17522064 0.23583847 0.18405747 0.23117183 0.16654682]
503,/home/ts1349/datasets/blemore/face_aligned/A427_mix_disg_fea_30_70_ver1,[ 0.  0. 30. 70.  0.  0.],[0.00556994 0.17259955 0.23875985 0.18437132 0.2285055  0.17019384]
504,/home/ts1349/datasets/blemore/face_aligned/A427_mix_disg_fea_50_50_ver1,[ 0.  0. 50. 50.  0.  0.],[0.00546032 0.17126082 0.21767578 0.18751188 0.24131438 0.17677684]
505,/home/ts1349/datasets/blemore/face_aligned/A427_mix_disg_fea_70_30_ver1,[ 0.  0. 70. 30.  0.  0.],[0.00774344 0.19177371 0.23664623 0.17564815 0.25574413 0.13244429]
506,/home/ts1349/datasets/blemore/face_aligned/A427_mix_disg_hap_30_70_ver1,[ 0.  0. 30.  0. 70.  0.],[0.00574557 0.1930355  0.16546693 0.19900627 0.25647253 0.18027318]
507,/home/ts1349/datasets/blemore/face_aligned/A427_mix_disg_hap_50_50_ver1,[ 0.  0. 50.  0. 50.  0.],[0.0062313  0.18519348 0.19527939 0.1841645  0.26776493 0.16136643]
508,/home/ts1349/datasets/blemore/face_aligned/A427_mix_disg_hap_70_30_ver1,[ 0.  0. 70.  0. 30.  0.],[0.0069133  0.19721083 0.18940352 0.21161337 0.27231726 0.12254174]
509,/home/ts1349/datasets/blemore/face_aligned/A427_mix_disg_sad_30_70_ver1,[ 0.  0. 30.  0.  0. 70.],[0.00464612 0.16112308 0.21523045 0.20007451 0.23382556 0.18510027]
510,/home/ts1349/datasets/blemore/face_aligned/A427_mix_disg_sad_50_50_ver1,[ 0.  0. 50.  0.  0. 50.],[0.00542289 0.1723924  0.2113989  0.1968189  0.21309644 0.20087047]
511,/home/ts1349/datasets/blemore/face_aligned/A427_mix_disg_sad_70_30_ver1,[ 0.  0. 70.  0.  0. 30.],[0.006667   0.17287922 0.22224864 0.178821   0.24226639 0.17711774]
512,/home/ts1349/datasets/blemore/face_aligned/A427_mix_fea_hap_30_70_ver1,[ 0.  0.  0. 30. 70.  0.],[0.00567988 0.16953349 0.1925838  0.18409154 0.26195258 0.18615869]
513,/home/ts1349/datasets/blemore/face_aligned/A427_mix_fea_hap_50_50_ver1,[ 0.  0.  0. 50. 50.  0.],[0.00578985 0.1699319  0.2071626  0.18587728 0.23482382 0.19641449]
514,/home/ts1349/datasets/blemore/face_aligned/A427_mix_fea_hap_70_30_ver1,[ 0.  0.  0. 70. 30.  0.],[0.00692805 0.15988079 0.21533595 0.19134681 0.23541836 0.19109009]
515,/home/ts1349/datasets/blemore/face_aligned/A427_mix_fea_sad_30_70_ver1,[ 0.  0.  0. 30.  0. 70.],[0.00524655 0.16702622 0.22148512 0.19057673 0.21387981 0.20178556]
516,/home/ts1349/datasets/blemore/face_aligned/A427_mix_fea_sad_50_50_ver1,[ 0.  0.  0. 50.  0. 50.],[0.00654498 0.15077978 0.23514777 0.20896843 0.21050835 0.18805069]
517,/home/ts1349/datasets/blemore/face_aligned/A427_mix_fea_sad_70_30_ver1,[ 0.  0.  0. 70.  0. 30.],[0.0072876  0.15330207 0.22916788 0.22034416 0.22489725 0.16500106]
518,/home/ts1349/datasets/blemore/face_aligned/A427_mix_hap_sad_30_70_ver1,[ 0.  0.  0.  0. 30. 70.],[0.0047487  0.16762185 0.19817354 0.21587408 0.21318907 0.20039275]
519,/home/ts1349/datasets/blemore/face_aligned/A427_mix_hap_sad_50_50_ver1,[ 0.  0.  0.  0. 50. 50.],[0.00619166 0.16359648 0.18773411 0.19569692 0.23345129 0.21332952]
520,/home/ts1349/datasets/blemore/face_aligned/A427_mix_hap_sad_70_30_ver1,[ 0.  0.  0.  0. 70. 30.],[0.00617867 0.17159984 0.19031951 0.23025414 0.23176688 0.16988097]
521,/home/ts1349/datasets/blemore/face_aligned/A412_mix_disg_fea_50_50_ver1,[ 0.  0. 50. 50.  0.  0.],[0.00646404 0.17611663 0.22387771 0.20438826 0.20245306 0.18670034]
